до змісту,Unnamed: 1,Unnamed: 2,Unnamed: 3,Unnamed: 4,Unnamed: 5,Unnamed: 6,Unnamed: 7,Unnamed: 8,Unnamed: 9,Unnamed: 10,Unnamed: 11,Unnamed: 12,Unnamed: 13,Unnamed: 14,Unnamed: 15,Unnamed: 16,Unnamed: 17,Unnamed: 18,Unnamed: 19,Unnamed: 20,Unnamed: 21,Unnamed: 22,Unnamed: 23,Unnamed: 24,Unnamed: 25,Unnamed: 26,Unnamed: 27,Unnamed: 28,Unnamed: 29,Unnamed: 30,Unnamed: 31,Unnamed: 32,Unnamed: 33,Unnamed: 34,Unnamed: 35,Unnamed: 36,Unnamed: 37,Unnamed: 38,Unnamed: 39,Unnamed: 40,Unnamed: 41,Unnamed: 42,Unnamed: 43,Unnamed: 44,Unnamed: 45,Unnamed: 46,Unnamed: 47,Unnamed: 48,Unnamed: 49,Unnamed: 50,Unnamed: 51,Unnamed: 52,Unnamed: 53,Unnamed: 54,Unnamed: 55,Unnamed: 56,Unnamed: 57,Unnamed: 58,Unnamed: 59,Unnamed: 60,Unnamed: 61,Unnamed: 62,Unnamed: 63,Unnamed: 64,Unnamed: 65,Unnamed: 66,Unnamed: 67,Unnamed: 68,Unnamed: 69,Unnamed: 70,Unnamed: 71,Unnamed: 72,Unnamed: 73,Unnamed: 74,Unnamed: 75,Unnamed: 76,Unnamed: 77,Unnamed: 78,Unnamed: 79,Unnamed: 80,Unnamed: 81,Unnamed: 82,Unnamed: 83,Unnamed: 84,Unnamed: 85,Unnamed: 86,Unnamed: 87,Unnamed: 88,Unnamed: 89,Unnamed: 90,Unnamed: 91,Unnamed: 92,Unnamed: 93,Unnamed: 94,Unnamed: 95,Unnamed: 96,Unnamed: 97,Unnamed: 98,Unnamed: 99,Unnamed: 100,Unnamed: 101,Unnamed: 102,Unnamed: 103,Unnamed: 104,Unnamed: 105,Unnamed: 106,Unnamed: 107,Unnamed: 108,Unnamed: 109,Unnamed: 110,Unnamed: 111,Unnamed: 112,Unnamed: 113,Unnamed: 114,Unnamed: 115,Unnamed: 116,Unnamed: 117,Unnamed: 118,Unnamed: 119,Unnamed: 120,Unnamed: 121,Unnamed: 122,Unnamed: 123,Unnamed: 124,Unnamed: 125,Unnamed: 126,Unnamed: 127,Unnamed: 128,Unnamed: 129,Unnamed: 130,Unnamed: 131,Unnamed: 132,Unnamed: 133,Unnamed: 134,Unnamed: 135,Unnamed: 136,Unnamed: 137,Unnamed: 138,Unnamed: 139,Unnamed: 140,Unnamed: 141,Unnamed: 142,Unnamed: 143,Unnamed: 144,Unnamed: 145,Unnamed: 146,retrieved
ЗА КЛАСИФІКАЦІЄЮ ДОХОДІВ БЮДЖЕТУ,Разом доходів (без урахування міжбюджетних трансфертів),,23556.933589250006,56216.35134838003,84435.51862380005,114346.10923035005,150395.31386495003,177846.59181911004,214114.83982860006,254796.23260159005,286816.61492069,318854.78190101,359221.67700439005,398553.57520621,27876.061027060012,65709.74563860001,98602.37382738003,130189.80236830004,171026.73681448,208801.65917159,240940.79928045,284258.16360497003,317973.63142196,353685.0233536101,395331.36004293006,445525.27207413,30176.011798180007,69960.62971637002,106895.58128703001,137750.53992077004,175384.69457660004,211082.14600477004,247377.68929897007,284596.3294607901,325904.74564122007,362519.5713075001,402223.84204494016,442788.6892906902,32558.67598588,68170.44561131,112208.10401187,152050.39761968,191331.36489877,224527.81889263,255735.5769060103,295751.43147415,333415.11919445,370000.38173868996,408261.53298466996,456067.3235462799,28724.281452350006,74754.06139035997,140264.72225004996,198408.90994272998,249753.47053993,298662.7071038099,351550.01229526993,411742.4658892999,467937.24730829,521291.97655419,584732.11437244,652030.99437356,38127.90363283,91619.98767836002,163436.53208910004,219121.02275901008,280103.7745369301,339502.5543590201,389066.3501907901,465270.93127501005,525258.0565775201,594917.21322727,692032.60263493,782859.48495202,72556.78338005004,142314.45500954008,220492.1546302701,323918.0737126001,408872.9993950301,495971.8937732101,567043.6894025701,667156.6472738301,741170.9247704701,824189.5178394101,924500.9047082802,1016969.5081317301,71327.20593546997,147088.35352402995,248852.78133631998,348525.57532635,468050.16378731,567399.15385638,652069.65664013,769336.80007478,857166.2253116099,952823.9631248099,1074807.5049924299,1184290.7653197898,73927.02152996,167616.08838492006,274786.48323758005,411324.63296793995,540749.9359393,642690.8473320999,744616.87063242,858810.3576240299,950143.4726604898,1047463.22069856,1164019.89228728,1289849.1696763798,72718.74906936001,170664.87172462,280622.82270695,403762.88249847,500402.74221222,653818.1491958,747541.50163226,876392.49291665,976916.8261111398,1082779.19404889,1215252.34065787,1376673.76367571,88014.09673891,193842.32556293,330822.81838456,464175.48717452004,613250.48748266,756809.1364635,875239.1680231801,1049249.40815179,1180103.09114511,1309498.12527455,1485301.42615784,1662242.66695117,117137.41104747,271268.96726706,418465.75522296,527894.9868932801,669315.84042841,809170.88215072,1022509.39864446,1283822.7756486798,1537742.97776971,,,,"11/03/2022, 23:07:46"
,Податкові надходження,10000000,18656.138304160002,49378.13307548001,73045.59199563,97780.56401375,129896.53950426,153705.64078575,179834.40241734002,215333.79386730003,242421.29195612,268532.62261223997,304789.16646979,334691.90349235997,23275.89037006001,56740.35023072001,83560.78491740001,110821.04712356001,147154.24373224,176203.50181070997,201078.51433374998,238015.0771777,263625.50123064,292466.80416398,327788.60919907,360567.21736399,25471.001592270004,58143.27873988001,87643.25688132,114864.30069009,146844.78460898,174198.70218994998,204463.37353229,231930.13208302,262377.01079518,290559.58087094,321176.62574677,353968.12170215003,24807.412081640003,51617.1312475,83519.72990123,114516.62615582,145733.99464122002,173971.97647607,199897.51530712002,229682.48401819,260992.85397826,293139.90916922,326780.21568684,367511.93112837,25441.812841029998,61204.69107837001,112631.12757857001,153618.89708505,194372.05352658,231716.78502714,272344.70648488996,318871.14927483996,359336.37402412,402288.09346900997,452838.97352256,507635.89967881,34440.20371861999,82129.93270851,146940.75388821,196627.80060801,250002.88232471,300905.93696638,345721.34816042,411155.30548199,460551.19580458995,513529.82988101995,585377.5135142499,650781.6785681999,67795.01460287001,129350.23685847002,199335.6757809,255899.197023,327781.31874316,386737.96739992,446168.44505881,530773.63419447,595534.92235454,666390.66254153,751976.11904982,828158.81388599,65343.54281615,133161.1170756,223061.9850394,295751.0086351,387614.0796837,456663.51137587,532957.3861914199,632539.71639298,708919.79224991,795749.4613054999,900024.6785271099,986348.5237871499,66708.66132624,150612.28752012004,246503.36219221004,327452.50210399,429509.7745344101,504448.37456960004,590592.35538225,694395.02448276,774800.15530525,862020.7782290201,969563.06188765,1070321.8408551698,64860.93700533001,153755.37496746,255239.85686512,325132.31200635,414361.30844075,490032.42533867003,575474.30479355,690185.02258729,778427.2951848301,874678.3896146701,992503.2313584001,1136687.1863116398,81646.37896401,178648.08211996,303480.68493058,404197.83409799,533944.41688366,638324.54809052,747263.59091125,904177.6554275601,1017706.5907238399,1134107.1213158602,1295187.60624524,1453804.07564182,107885.76611985,229573.43643960002,324021.903574,401340.61604134005,513502.73615497997,595640.0734816,717132.09111384,846394.17796594,961767.16339993,,,,"11/03/2022, 23:07:46"
,"Податки на доходи, податки на прибуток, податки на збільшення ринкової вартості:",11000000,4368.0309779399995,17864.706370839995,24326.972986679997,31044.216901889995,45492.68887294999,53476.362178009986,61258.329852269984,74726.70160954999,82332.97168153997,90132.17389461998,106141.75988694999,115321.49899570998,5399.09398163,21128.39108771,29295.972196810002,37601.679696160005,51479.91681656,60653.892592079996,67190.20084436,81330.2155708,88984.26826575,98850.03954546002,113263.96297652001,123885.40692552,8867.92605783,24702.981800710004,34621.57749068,43656.14588733,54492.59143515,64764.12035128,75754.03147084001,84169.87267208,95180.36227397999,104551.25153088002,114739.76548007003,127144.91876743003,8721.368712160001,18119.051462540003,31760.56599237,41185.52585889,50605.40389457001,59109.34058755,68627.97999378,77003.28702267,86083.34726611001,95388.67506583002,104551.33227895,115404.43102159,8041.01568159,18271.20782678,37095.7972305,48122.46634726,58234.05729354,69222.01530995,79996.00577848,90819.97293512,101627.70739688,113039.19141245999,124629.60150805,139036.34262928,8519.486085870001,20354.31298259,44874.517099000004,57782.10376714001,76430.40962124002,89747.97347044002,103472.50764693003,125519.43043779003,138453.34142007004,151314.2978778,175275.72898652003,199005.01804006,11555.96230028,34381.18175691,53459.19312167,69480.50222724001,99411.76405170001,119447.28101172001,137200.89696097,168108.70003935002,184978.29588422002,202607.85743733,235139.53029547003,259082.9344527,16275.86921561,39724.00602872,80628.16836432001,99497.80325426001,140254.97635990003,162749.93674748004,184691.15106340003,224078.08267074003,245339.88812302,266847.14654414,308891.53729939,336082.95195214,20481.261590910002,47335.560433449995,91788.09128180999,116150.75945988,159175.29757155007,186546.86096502,212808.72175068,258346.83416303003,282294.02650253003,308111.80792849,356918.9569564701,392775.2331926501,23220.5702519,54566.41354558,105152.55326861,128789.58580567999,169570.20381741997,194857.09106512,219964.74100767,263547.80808696,290923.16319275,318460.96629889,365848.29078532,413579.03427314,22522.81972491,54481.48789211,108807.46223887,139783.04695426,198781.05801305998,235663.46465948,267289.37913434,336436.72344261,367981.55261652,400660.59334826004,470796.05367495003,513629.96189413,26859.36275241,69924.81546821001,126167.09777187,160099.60200201,214279.86304596,254418.89768383998,295641.70518805,352054.21087424,391224.9967615,,,,"11/03/2022, 23:07:46"
,Податок та збір на доходи фізичних осіб,11010000,3401.6938392299994,8073.576100839997,12802.964330749997,17847.099569839993,22397.606666959997,27830.381884429993,33096.26610296999,38095.93673448,43275.65727169999,48428.685800849984,53822.02449184999,60224.52194527998,4451.13360518,9567.349987619999,14918.563862470002,20569.709186070002,25899.18617342,31948.722053389996,37871.30123392,43547.67150525,49186.71550476999,55148.83664656001,61066.16087472999,68092.38836467998,4909.13913426,10321.417913280002,15970.512093189998,22241.438640299995,27669.07408776,33939.073065829994,40618.98317811,46531.105700379994,52417.59839834998,58446.91113200001,64615.331709030004,72151.07238304002,5043.678511700001,10430.715732460003,16176.29543713,22238.053648390003,27807.983944190008,34099.93758279,40299.9745398,46087.52759291,52777.005703450006,59706.82106032001,66433.90326865998,75202.94534239,5832.9339106,12896.364679029999,20496.903819289997,28675.882301209997,36170.85217951999,44718.99698545999,53508.28694426999,61646.354373029986,70115.25122487,79132.44981301998,88154.79911922998,99983.17398315998,7981.159095140001,17915.43898777,28740.372738230002,40188.237951560004,50471.53635178001,62612.81320497,74888.74058888,86521.07116443999,98415.51333088998,110354.51539257997,122690.8854022,138781.78655011998,11063.98655687,24577.228240070002,38961.214371500006,53742.90887982,67950.25496132,84615.71649425,100604.32752965999,116058.68801943999,131892.73094878998,148030.33820569995,164631.56519082998,185686.13159310995,14570.42522512,31440.27869659,48890.855928460005,66804.44657649,84963.86686981,105635.58198237,125576.11821403999,144731.81494162,163756.37849098997,183763.10092506,204707.93389097,229900.60443173,17887.497434650002,38652.92950097,59959.038965279986,82434.30809836999,104090.82455571005,128438.39548108999,153761.12627618,176346.32410364,198952.23527715998,222221.92173173,245951.84215411005,275458.45822632,20734.13127381,44168.95543847999,68795.52786465999,90299.85662192001,110813.25529876,135293.2860736,159555.09886354,183142.96504352998,209733.44267614,235749.31492464003,261485.27342205,295107.27454079996,21723.35453843,47752.05268327,74620.77348039,103483.06191725,129460.27431816999,161073.57266237,190440.37722181,218682.79129633,248506.04578081,278481.54910084,309073.78824155,349785.47663642,25461.58090429,59322.999407819996,86043.33088719001,113568.8487083,145461.32038304,182105.97869444,217975.78899424,255070.14106751,292640.24984662,,,,"11/03/2022, 23:07:46"
,Податок на прибуток підприємств,11020000,966.3371387099999,9791.13027,11524.00865593,13197.11733205,23095.08220599,25645.980293579996,28162.063749299996,36630.764875069995,39057.31440983999,41703.48809376999,52319.7353951,55096.977050429996,947.9603764500001,11561.041100090002,14377.408334340002,17031.970510090003,25580.730643140003,28705.170538690003,29318.899610440003,37782.54406555,39797.55276098,43701.2028989,52197.80210179,55793.01856084,3958.78692357,14381.563887430004,18651.065397490005,21414.707247030005,26823.517347390003,30825.047285450004,35135.04829273,37638.7669717,42762.76387563001,46104.340398880006,50124.43377104001,54993.84638439,3677.6902004599997,7688.33573008,15584.27055524,18947.4722105,22797.41995038,25009.403004760003,28328.005453980004,30915.759429760004,33306.34156266,35681.85400551,38117.42901029,40201.4856792,2208.08177099,5374.843147750001,16598.893411210003,19446.584046050004,22063.205114020006,24503.018324490004,26487.718834210005,29173.618562090007,31512.456172010006,33906.74159944001,36474.802388820004,39053.16864612001,538.3269907299999,2438.87399482,16134.144360769998,17593.86581558,25958.87326946,27135.16026547,28583.767058049998,38998.35927335,40037.82808918,40959.78248522,52584.84358432,60223.23148994,491.97574341000006,9803.95351684,14497.978750169998,15737.59334742,31461.50909038,34831.56451747,36596.569431309996,52050.01201991,53085.56493543,54577.519231629994,70507.96510464,73396.80285959,1705.44399049,8283.72733213,31737.312435859996,32693.35667777,55291.109490090006,57114.354765110016,59115.03284936001,79346.26772912001,81583.50963203,83084.04561908,104183.60340842001,106182.34752041001,2593.76415626,8682.63093248,31829.052316530004,33716.45136151001,55084.47301584002,58108.46548393001,59047.59547450001,82000.51005939001,83341.79122537002,85889.88619676,110967.11480235998,117316.77496633002,2486.4389780899996,10397.458107100001,36357.02540395,38489.72918375999,58756.948518659985,59563.80499152,60409.64214413,80404.84304343,81189.72051661,82711.65137425,104363.01736327,118471.75973234,799.46518648,6729.43520884,34186.68875848,36299.98503701,69320.78369489,74589.89199711,76849.00191253,117753.93214628,119475.50683571001,122179.04424742,161722.2654334,163844.48525770998,1397.78184812,10601.81606039,40123.76688468,46530.75329371,68818.54266292,72312.9189894,77665.91619381,96984.06980673,98584.74691488,,,,"11/03/2022, 23:07:46"
,"Рентна плата та плата за використання інших природних ресурсів, з них:",13000000,817.97946652,2201.4327479500007,3194.7475713200006,4132.11437472,5872.43831878,6855.49537712,7915.135989760001,9833.532714710002,10830.074913580002,11886.828472500001,13787.10343003,14826.4100213,945.2596068000001,2888.48288173,4010.62402476,5113.537201249999,7095.60192657,8297.68838173,9803.53638023,11987.78393564,13100.301913309999,14228.43062107,16341.651318200002,17537.352224759998,1048.9382660399997,4111.65163175,6421.107712700001,8695.888906780001,11462.668715310001,13660.82606631,16039.558929400002,19156.9733615,21361.22514198,23619.22803834,26653.409264550002,28862.96446635,2104.1395657,4957.28816081,7198.033372389999,9618.259748999999,12443.222057129999,14755.926287809998,17338.178579199997,20755.93419737,23042.39535091,25754.391158939998,29499.17943474,33596.69183798,2092.4328763899994,3284.0855340199996,4477.33736395,6497.981603079999,12202.806176479999,14213.356985489998,16584.050748139998,20910.00172248,23456.42294622,26522.76993332,32327.49568087,41958.19005833,2124.5563625,8039.70762816,13158.11984829,16386.80883671,19064.97702369,20754.24094294,23612.309705339998,28075.222246629997,31329.87369523,34302.456795859995,39193.74489087999,46608.39827433999,5525.374908930001,12946.07968568,20907.672490420002,22622.9515022,25435.27418384,26820.3420583,28291.8498857,36863.94057279,41357.48102919,43195.34270552,46211.95453257,51132.329000950005,1844.05033898,5238.8966669599995,10125.24541987,11975.85128999,17336.110135670002,21200.829247920003,24588.856054270003,30376.204413710002,34476.55971694,38633.98319803,44744.4959078,50086.888794219994,4347.10682737,9915.168441110003,13862.241592000004,18091.117860450002,23783.09905403,28071.908511990005,31254.439830470004,36280.82165532,39362.242775670005,42266.84398436,47283.045108840015,52024.86044425001,1273.67995673,5657.201045290001,8126.7993465399995,10406.293585129999,13886.151097750002,15576.483580899998,17529.962651560003,22937.24051282,25075.134105749996,27569.99952193,33110.97913173,57112.60626406,3342.20255993,9857.50018913,13589.80546224,17249.424022580002,23749.88934671,28134.94904652,33060.753195389996,41211.6890356,46943.41880091,49407.05983594,58068.95044653,89318.53994480001,6972.760770729999,16531.04948781,25348.40917784,32517.672513669997,46427.67671635,49705.84366425,53814.306495690005,63731.1691411,71391.86825464999,,,,"11/03/2022, 23:07:46"
,Рентна плата за користування надрами,13030000,17.99461822,357.33883616,392.17012014000005,427.0869532400001,1052.9133083300003,1100.0424128000002,1135.8869264400003,1733.9066907400002,1796.88451,1906.43545554,2605.8444993500007,2683.9501842600002,35.56748016,696.17455892,733.02703983,791.36881277,1473.2860780800002,1620.18593762,1680.0571574200003,2310.0618159000005,2358.4403536400005,2404.049292110001,3146.7925923500006,3271.59817054,31.936672120000004,1726.3020857,2929.62205469,4082.9087049,5495.80730665,6602.07949517,7739.625525560001,9258.17734226,10356.34364553,11487.103395119999,13110.60131486,14225.339818069999,1085.64677503,2511.12711846,3725.21258644,5090.74471841,6620.215898840001,7891.849247510001,9295.1269687,11186.42580805,12451.59308636,14144.94122045,16571.66800531,19620.441326,1132.5548822499998,2513.0640226199994,3504.4772024899994,5285.719647319999,10438.689761149999,12230.634402709999,14329.997118219999,18132.33101434,20473.54706954,23309.29499842,28585.75339477,38008.2798867,1986.28216469,7348.617897800001,11956.83433548,14790.95090175,16632.74405786,17955.469924700003,20441.44934763,24054.776305680003,26948.527262970005,29559.634455400002,33726.491223540004,40780.812593560004,5268.44517961,12004.391884969999,19530.85558235,20913.73216083,22934.75849847,23953.13145168,25033.906149510003,32719.311149980003,36886.71704897001,38331.48425737001,40377.015499190005,44978.65260177001,1389.33521231,3900.6629882299994,8366.131532649999,9834.784391129999,14326.298658189999,17806.79431885,20785.76381756,25552.824712370002,29219.88822936,33015.51279539,38106.69423107,43045.34360005,3979.7648241499996,8592.624571280001,12132.760357860001,15983.71750228,20785.69207269,24695.878130070003,27481.464478960002,31518.353102760004,34195.23165673,36668.95705693,40592.483973340015,44938.89417357,887.81884424,4248.16635742,6298.650331749999,8230.22422963,10864.63064781,12246.72949984,13657.21965365,18133.48747742,19899.94863632,22010.81113763,26489.694428709998,50115.11393732,2953.177662039999,8375.807051509999,11732.089940469998,14990.690986039997,20695.950909319996,24698.060298649994,29203.479239859993,36417.21919896999,41757.121548519994,43822.714275449995,51531.365995119995,82415.73046579999,6566.961335010001,15183.51739191,23680.262597459998,30535.543599039996,43798.47690017,46789.98545353999,50589.59919614,59658.04011399,67039.43024365,,,,"11/03/2022, 23:07:46"
,"Внутрішні податки на товари та послуги, з них:",14000000,12422.030959870002,23428.300197150005,36243.962399000004,50187.29703858001,62402.06582231,74399.68732535,88850.17171084,105146.80176904,120209.93485421999,134282.01291626,148388.99007456002,164012.93150939,13606.58859986,25740.856111009998,39692.00341921,53516.03569954,70142.14906637999,85914.02031734,99614.21228414,116363.11932072,130196.22054472,144783.41200906,159661.25885367,177255.57234814,12998.39387576,23649.551588870003,38624.619691160005,51974.70936778001,67137.07839074,79853.09783441,93809.8732521,106338.52926048002,121423.86121828003,135785.19449043,149292.18584602,164937.49468939,11478.58538705,22523.95806414,35557.76727388,52075.45124401,67733.49784277,83244.04021144,94533.64155209,109155.90436213,126694.06777205001,144001.29840024002,161259.22055287,184123.83374632002,12763.118290049999,31556.58232401,56662.65187211001,78232.96888876,96861.61031334,115996.21555959,136637.72253541,160223.54886628,180793.78604712003,201751.85371049002,226496.26932234003,249247.61161429004,19978.19188279,43743.51052006,74234.65497742,102377.07890929,128767.23472901998,160466.09420470998,182661.76268351,213866.90393434998,242092.55252265,272562.83816802,308363.86286815,337256.69161144004,45027.59538426,68479.26441861999,106045.05840743,138467.36900178998,170224.31677477996,202853.62140941995,235883.60170847998,272207.54408723,309881.9151343,352495.90868828003,394066.08784119005,435430.03009525005,39760.82216900001,72093.38626692002,110653.36428879002,155465.65351232002,193021.01308103002,230517.09836036002,273109.39417313,317530.6848639,362383.17932543,413361.04096275,459821.16920731997,507157.99617621,33194.56933897,73486.87610177,114392.52650697003,158076.96830142,201158.06225551,238211.8433879,284545.43139087,326377.45787701,372669.96037458,419744.52064187,462694.56859237,515766.57953379,30962.975357520005,72777.4356413,115289.23017699999,153113.05525897,189100.78781294002,230702.76663725998,278167.11206044,332412.58526584005,383337.21771724994,437204.7402997,490419.52366794,554450.38675315,46270.598645620004,91973.30494316001,150667.59915031,205832.23803176,258374.14506804998,313422.83659596,372931.73435397,438357.45463844,505734.29110349,573573.40481844,642123.53996712,716789.49305078,62109.1073725,117624.81952169,143468.20786848,173388.00123072,209124.4931021,242397.7131511,307378.98568584,359462.60649020004,418908.07735990995,,,,"11/03/2022, 23:07:46"
,"Акцизний податок з вироблених в Україні підакцизних товарів (продукції), включаючи особливий податок на операції з відчуження цінних паперів та операцій з деривативами",14020000,2387.8404771500004,3595.7722627500007,5419.06892804,7589.67457403,9641.53812823,11784.513066110001,14281.321405760002,16777.984776740002,19515.00748983,21870.045301650003,24081.83401786,26097.121272500004,2552.48903741,4080.4079558600006,5915.998749560001,8002.43125942,11003.24612029,13732.78184413,16502.35905384,19254.648327479998,21793.33544073,24141.51256653,26413.52647761,28660.97528899,2748.0350327400006,5160.52658093,7623.783884760001,10292.083258980001,12610.23538523,14745.28194159,17116.962313519998,19315.491137809997,21668.56005086,23471.24773827,25809.9104769,27721.345705950003,2095.8383164600004,3986.0996677900002,5397.1049169,7585.472694959999,10221.20702255,12781.234420699999,15277.072058159998,18157.030565129997,20953.179454159996,23440.753458389998,25727.987241559997,28244.189993779994,1934.4758933800003,4740.281969060001,7650.385828610001,10792.157804100001,14039.226333190001,17460.130186410002,21012.53221407,24181.12555393,27668.32179207,31105.86398212,34650.96951332,38783.76432444,3541.26065692,7852.450228349999,12020.402916359999,16270.906321229999,20791.66960436,25274.980441379998,30032.589949609996,34893.53780425999,39653.23422795999,44894.070683039994,50038.60531119,55116.25466539,4549.566156360001,9954.71157213,15304.28011692,21036.96442389,25985.89570192,31326.621398979998,37053.48067259,42792.904016839995,48970.413815659995,55419.92174622999,61813.42418179,67774.16934712,4985.62998753,8908.05851097,13733.689869130001,18523.239719060002,23291.63747284,29325.87398241,36394.761995450004,43154.14129367,50338.99995926,57416.36121983999,64801.07936744,72695.50208593,3748.63140635,7690.76208758,12822.757065220001,18677.27955644,25057.331029240002,31856.6008479,38246.150355620004,44475.30838042001,51365.23243466001,57959.870267419996,63329.08705069001,71343.47295559001,3475.1307880599993,8838.14861916,15412.53833163,22431.019437000003,29632.44203647,36611.840193230004,44203.823108660006,51263.465357889996,58861.639575099995,66575.25784198,73669.41049542,82314.86031776,3849.03839845,9342.1521556,15270.825752469998,22577.51239792,29273.632040880002,36521.78518497,44340.1405084,51856.630034480004,59637.32138547,68116.21117437999,76430.90114153999,85044.32985067999,3917.3671832600003,8828.63353664,10197.28834833,12094.167302,16103.87188367,23205.145097790002,28224.52467034,34218.002653740004,41807.7191699,,,,"11/03/2022, 23:07:46"
,Акцизний податок з ввезених на митну територію України підакцизних товарів (продукції),14030000,392.08021835,843.0943438,1479.0340157599999,1970.1298490299998,2523.6238106,3094.1025317900003,3834.1591959300004,4683.471432640001,5503.12403203,6337.75686277,7155.58870188,7822.05699074,707.28410469,1334.98524322,2204.61478903,2952.48308292,3656.79084883,4556.143073249999,5594.57132089,6644.35588184,7410.85739967,8263.69071538,9041.94510671,9767.77298829,563.32538374,1099.26067418,1668.8736853999999,2331.19321143,3033.9254315499998,3692.94380585,4629.27611602,5475.43000279,5967.407092089999,6683.09494449,7799.455670089999,8946.841068459998,667.63302433,1607.80457214,2501.8087770399998,3822.2280279099996,5281.28454998,6479.6366797599985,7949.938236509999,10000.488917859999,11719.88599024,13355.86469175,15073.41646088,16855.38489774,1246.21008781,3120.70017335,4867.65456479,6871.88581888,8683.21587009,10608.17426087,12910.801883110002,15122.772044570003,17345.753379120004,19582.617367200004,22142.344517030004,24326.833154670006,1700.34283022,4009.40398465,6862.20555087,9880.582651499999,12840.20374121,15640.83115346,18633.83719872,22070.1964116,25405.27654523,28673.216152040004,31820.62513069,35006.22051702,2285.4155604400003,4672.17261735,8708.09601645,12561.36902751,16725.70720284,20335.025255269997,24405.550082679998,28342.854048830002,32331.71451564,38568.705610020006,43570.27858771,47674.448818670004,3230.0147421499996,6320.369025519999,11080.30342978,14921.3222628,20108.03282873,24101.717144780003,28557.83916669,33113.23083797,39114.291488589995,44695.97790831,49632.39218759,54062.346513,4869.638524849999,11010.048991439999,14726.11135448,20453.70486188,25867.146125019997,29864.688326639996,35153.811150229994,39040.11000198999,45561.34959181999,50716.033562469995,55215.96478619,59409.81000304999,3257.07214826,7594.3573248,12149.764746690002,16534.600107939998,21050.363463130005,26592.895922390002,31769.1313281,38747.93932728,45362.533766,51957.86761735,58048.779693360004,64366.543656,4894.9161018800005,10234.193629809999,17713.59474882,24375.084649509998,31594.523537880003,38937.28293679,45893.01657971,53727.70341221,61971.33893017,71635.27202364999,79368.75652893,87019.73105367,4660.455264890001,10060.92175208,11531.39741174,15778.663171540002,19750.46751529,21275.0452118,24337.05790975,26711.29996154,28956.23783683,,,,"11/03/2022, 23:07:46"
,"Податок на додану вартість з вироблених в Україні товарів (робіт, послуг) з урахуванням бюджетного відшкодування",14060000,4383.946238720001,7401.688360000001,10692.6787455,14776.334644540002,16694.46033611,18475.54074211,20201.946379480003,22900.810984260002,25613.79036222,28095.682204440003,30499.56409924001,34068.79357867999,3465.43652713,5708.549794539999,8483.2121854,10945.093172359999,14553.695440329997,17094.31164683,19307.07498669,22037.288198119997,25214.82741898,28063.871575079997,31179.745729529997,37222.57776990999,3201.17882466,4313.741990300001,7694.780699849998,10197.5109701,12591.808561269994,15439.540110609996,16506.869919419998,19544.603150560004,21472.790999140005,24720.08471449,26524.393469929993,31725.569202519997,3435.35042599,6849.807601099999,10274.908403140002,13842.549631720001,16618.151259790004,20582.43080275,17453.421970490006,17939.93191607,19953.99272977,21742.507177160005,24990.581822320004,31736.988525110002,2768.1850219400003,5749.42613577,13099.142857120001,17364.550000979998,20599.215070260005,23235.09944327,24700.82163395,30080.025418830002,31442.61547444001,33291.83727886,37654.26517467001,39688.03733372001,4477.284704430001,6979.350664200003,13382.31576537,18799.002492659998,23574.72515806,33657.343813650004,32179.83009329001,37346.67199897,40115.770421680005,44217.80567981,53399.89090033,54052.74713005001,21745.58489327,18389.71889593,23905.216764580004,26383.5112757,29441.95033805999,33338.523099939994,36162.56794825,41277.49100693999,47143.58306192998,52880.383283539995,57882.30485618001,63450.367970709995,8980.146488300003,12451.330043100006,19126.469372130003,33880.78822329,38180.804873880006,43731.32592380002,49050.726232370005,55355.24579938001,59926.573484550005,66702.83564475001,70873.7327987,79130.86412673003,3045.1094115900028,9051.549211720001,15801.077247440015,24434.638533490004,30394.235751510012,35002.160320350005,43074.93272493001,51656.65102492002,60120.34785286002,67627.45580851998,76308.97989085998,88929.80525771,6923.89070796,17754.012527160005,25882.0833091,33542.61188610001,40155.91219031,48705.79692015,59126.23027168,73871.04517889999,85013.94719615002,96373.74744902001,108224.73710614,126486.59882014,16343.27212233,25802.24127115,38752.947322269996,50976.98264514,61699.03782019,72495.91502589999,85948.50212824001,101220.86892373,113781.2052945,128184.38468591,140309.65670919,155774.7514942,22713.06203351,35012.28515801,50611.35061693,66250.38201745,84579.1226049,96338.23297442,131788.06927817,148173.94090748002,170206.20914598,,,,"11/03/2022, 23:07:46"
,Податок на додану вартість з ввезених на територію України товарів,14070000,5162.97783338,11587.745230600001,18653.180709700002,25851.15797098,33542.44354737,41045.530985339996,50532.74472967,60784.5345754,69578.01297014,77978.5285474,86652.00325558,96024.95966747,6881.3789306300005,14616.913117389999,23088.17769522,31616.02818484,40928.41665693,50530.783753129996,58210.20692272,68426.82691327999,75777.20028533999,84314.33715207,93026.04153982,101604.24630094999,6485.85463462,13076.02234346,21637.181421150002,29153.92192727,38901.10901269,45975.33197636,55556.76490314,62003.00496932,72315.10307619,80910.76709318,89158.4262291,96543.73871246,5279.7636202700005,10080.24622311,17383.9451768,26825.200889419997,35612.855010449995,43400.73830823,53853.209286929996,63058.45296307,74067.00959788001,85462.17307294,95467.23502811,107287.27032969,6814.203266279999,17593.25194969,29887.87890265,41370.30583566,51007.96831707,61437.6822261,74016.61457575999,86088.45852527999,98762.10918227,111477.37530772,125023.12002638,138764.34787642,9530.96645364,23500.849722929997,39703.92913941,54269.15118304,67333.49609611,80618.33766101,95454.78404936,112077.22806443999,128324.19430498999,145143.113374,162400.40644252,181453.28280925,15291.52944763,33966.068392839996,56246.10207656,76208.56830546,95398.37905629,114733.02909088,134657.94584885,155680.21146143,176791.88144911002,200504.32114309,225227.28986537,250530.22649456002,22033.12096623,43492.85706958,65358.171612820006,86354.00690206,109182.44585477,130570.22253188,155785.55254286,182036.64768813,208571.46762981,239609.62478289,269084.46909054,295377.32238049,20972.44167536,44750.82921365,69614.24702666001,92606.89342804001,117453.91181367001,138609.10449797002,164665.75998872,187233.73139698,211017.66515463,238269.10825649003,262078.69825985,289760.41608359,16619.50605552,37350.49529646,60099.44064607,78346.48252748999,95520.59992048,115472.40933732,139111.96447103,163876.50737923002,188753.33524246997,216288.50491035002,243860.81499185998,274113.50500531,20487.62265455,45339.03211312,77115.54933128999,105499.44053074,132795.91098579,161758.28789796,192291.81176382,226300.71269372,264151.34974853,298790.67831686,338401.75697397,380714.38638059003,29998.0207028,62459.46184894,69477.29143016001,77344.56473574,86202.71993173,98138.90035350999,118373.62368322001,144589.31429931,170925.29782128,,,,"11/03/2022, 23:07:46"
,"Місцеві податки і збори, з них:",18000000,0,350.17838004000004,585.93551795,791.7760613099999,983.30179039,1216.0541735699999,1439.43820791,1646.4933759999997,1885.42529793,2105.50379394,2311.5071906900002,2504.11945827,347.78329255999995,588.1947088299999,885.92494096,1369.1985687400002,1906.59489296,2234.49944324,2811.23996986,3443.54243066,3788.733925650001,4397.09464138,5103.174852470001,5455.02975929,633.5468100600001,1431.47985781,1778.3775587900002,2453.31960983,3105.2864420500005,3453.5595025000002,4159.3736064,4929.419423019999,5303.43009878,6034.952499770001,6914.56207786,7316.204594580001,723.3994605,1713.2512714599998,2068.12967744,2748.3884551300002,3509.7898514099998,3857.35195165,4601.53586975,5466.43533212,5822.4766345,6604.130662149999,7630.13485502,8055.153375319999,739.1799137,4102.22816537,5752.18431891,7942.558914679999,10096.129749329999,11682.19027093,14257.31987124,17353.600848480004,19383.098840650004,22169.115583520004,24976.310659630002,27041.18545752,2441.1756907199997,6418.87467853,9036.73168469,12656.224388619998,16200.063092789998,18680.572185189998,22796.169593139995,27545.651209249998,30501.850484159997,35022.272420099995,39237.014522289996,42261.49669337,4259.546403490001,9121.24025798,12260.78529953,16689.94289278,20968.32769337,23929.79059809,29081.30872343,34793.31171121,38290.48309218,44667.400404600005,49737.687580720005,53281.975812820005,5461.93284331,10950.83694943,14133.81339256,19245.400537729998,24262.923180179998,27633.047478179997,33685.39487049999,40090.73918127999,43768.05014971999,51133.484730039985,57076.58173750999,61026.448450579985,6396.9543978500005,13424.56989484,17437.12470455,23866.80676703,30138.07868416,34123.53647898,41724.24307106,49310.61796341,53754.19869126,62206.28421767,69049.04468525002,73575.31011955,7303.656757180001,14868.07216983,18365.01784175,22822.79890838,28754.89669822,33557.64402367,41687.32374233,49394.22619919,54183.77284039,63151.562643540005,70505.60955483999,75686.18277497,7297.36803513,15907.26451402,20481.5569701,28428.28207136,35837.967460529995,40706.03477933,50112.52942721,59524.1617392,64878.290255529995,75066.62215228,83978.87156532,89896.58109152,9127.10325562,18286.63581642,21375.890042029998,27223.36156402,33862.74388773,38614.802800599995,47357.41952879,54190.66545457,60012.066329379995,,,,"11/03/2022, 23:07:46"
,Єдиний податок,18050000,0,286.80796146000006,468.97481695,635.73879572,785.8613484299999,971.7962691999999,1151.39144053,1312.4057913199997,1505.08141336,1685.88146453,1847.30741957,1987.9064910499999,295.53111125,485.07887070999993,730.40435624,1166.4476836200001,1647.75590748,1921.98732852,2446.07324581,3017.80678282,3309.541944460001,3868.7401715000005,4517.206287420001,4815.63928106,580.9771328100001,1322.1073861200002,1615.6872763600004,2235.89414643,2830.5182881400005,3123.78507943,3769.6190195700005,4478.45973024,4797.66129721,5474.125531390001,6293.63392507,6640.521798700001,665.95102494,1595.7492203799998,1897.47690817,2527.40930581,3234.3373708,3531.54348969,4218.47361964,5026.82409699,5334.674385769999,6061.722573699999,7037.516676380001,7413.250020089999,716.3293760600001,1992.4545980999997,2376.0435187999997,3155.488707419999,4142.37464993,4511.61393951,5467.580912450001,6806.44002256,7466.508993910001,8770.719353620001,10286.22859699,10975.0942872,1157.08872883,3113.29922132,3616.6130517399997,5022.83427866,6621.95904558,7108.82708731,8685.318589770002,10679.467705460002,11494.19208534,14038.25408569,16227.731851750003,17167.10207458,2274.23415651,4917.9372487400005,5700.35033404,7610.6858442699995,9737.85547308,10492.0275676,12652.89039309,15205.67846555,16324.51496623,19995.50975605,22860.85688932,24083.43227029,3079.24430218,6323.73758986,7200.575937510001,9554.278704330001,12271.241029980003,13188.569636460003,15853.985599990003,18995.36080052,20220.90678635,24588.14787788,28139.9329311,29564.24711896,3734.89972129,7800.64740627,8840.31106659,11780.071956,15149.20680574,16193.060184439999,19502.69913678,23249.07754422,24676.72006515,29548.13292512,33670.35184798,35270.213419550004,4127.440008699999,8745.6492595,9895.89102905,12850.736211739999,16579.621204529998,17748.91001682,21165.37941369,24877.23611885,26481.500035959998,31623.67947377,36092.06839875,38030.9766122,4089.1433310700004,9621.52982067,11057.5767239,14875.775222549999,19271.90865369,20732.60980958,25057.23623521,30108.809499619998,32062.52863307,38029.87055534,43811.54191972,46282.3908678,5409.95620178,11917.65586568,13122.92474105,16474.77027978,20797.62158453,22993.76773929,27129.029227979998,30880.8313495,33616.00473133,,,,"11/03/2022, 23:07:46"
,"Інші податки та збори, з них:",19000000,0,727.98852674,873.2084976399999,1116.5718278299998,1793.3325751,1985.879363,2197.76591396,2866.7907390200003,3133.95115256,3398.45772763,4166.2102699100005,4387.963772120001,328.46650073999996,995.7843277500001,1245.02012689,1504.9598072,2236.1124163,2518.86091502,2798.42503364,3496.5364797,3780.7159089500005,4018.77728341,4660.9714616,4905.97523567,305.41306381,1012.3301939799999,1284.6022121199999,1534.76941422,2499.19887395,2777.7491240699997,3046.8736685599997,4002.0256458899994,4369.926596199999,4752.7990223199995,5789.932027929999,6089.180344189999,292.88605103000003,1304.3561529699998,2188.66259159,2448.69612218,3617.0869361100004,3931.2453152800003,4253.05460579,5410.227082400001,5790.474551560001,6135.21429117,7036.10036025,7336.211333900001,280.44052346,692.66191033,800.1003372999999,882.6277746499998,1561.3444431599996,1599.7092066399998,1643.9827919499999,2174.9992163399997,2229.4978364199997,2263.3541059799995,2728.86248743,2804.3732496099997,35.555847420000006,580.6731700000001,721.13255803,844.2590196,1507.8049799600003,1806.8214527100001,2100.57683897,3240.57310408,3427.8630948000005,3666.43542298,4752.05073221,4998.68501161,61.445920689999994,1249.76687183,1308.61743136,1354.33705423,2543.84132315,2553.4671449899997,2575.00544762,3574.84033964,3584.72318897,3617.23659803,4687.012665800001,4700.591599520001,35.00976608,1208.44044269,1410.30430899,1456.48448562,2557.43639282,2586.2058175800003,2625.38365358,3698.20193338,3718.34622905,3758.80428392,4900.4132739100005,4923.4253515400005,82.17639936999998,1398.1880546099999,1428.87208614,1514.05317548,3121.2279020899996,3166.7423668499996,3266.66952526,4577.95138228,4613.30860734,4697.01378173,6051.540898959999,6093.85343793,61.998899310000006,1428.0264826700002,1452.1143181400003,1515.4831056100002,2647.1702987300005,2703.2202282000003,2792.0706456,3704.53138055,3780.43061863,3926.60395676,5270.04100521,5397.139600609999,52.28508848,1630.08421828,1663.89197952,1762.36049953,3022.25086788,3057.68978045,3195.3585553499997,4503.13571187,4527.988449760001,4606.57283465,5950.54548391,5991.44134771,47.421158840000004,1422.95617002,1429.7824554000001,1477.86965485,2576.72758744,2610.39207987,2717.31263038,3563.79194615,3719.9506470700003,,,,"11/03/2022, 23:07:46"
,Екологічний податок,19010000,0,124.31319303000001,125.52208316000001,241.85701355999998,781.40623499,857.75382532,925.68072907,1439.69264896,1519.6199436499999,1610.4877125199998,2218.04196452,2275.8861367,148.63461802,656.26302392,748.8572602300001,849.81449663,1417.8170131400002,1523.6120035200001,1624.48880764,2120.85948467,2216.39496367,2273.5422348099996,2741.5309660499993,2816.0082779499994,113.29997741999999,647.7906959000001,756.43036307,843.8821899800001,1640.67267722,1737.954119,1821.2380359,2578.95670598,2738.93037733,2942.23857605,3801.10905086,3899.48699638,104.87074009000001,965.98420031,1695.41908434,1796.64724703,2738.91831469,2819.67274269,2915.61570785,3826.5576619100007,3965.2593207400005,4074.1018984100006,4751.557772300001,4830.908707070001,44.92712632,584.90965978,692.1521691799999,773.9063957299998,1451.2837165899998,1488.98388588,1532.4932670399999,2063.00278111,2116.7505984599998,2150.0755431,2615.36134707,2691.0401413,34.56697991000001,578.1225342600001,717.11980899,839.20762676,1500.9320641900001,1798.5192944300002,2091.57498135,3231.10145156,3418.12571078,3656.2077473199997,4741.43150011,4987.435245860001,60.78038787999999,1248.67806254,1307.50181342,1352.86681959,2542.27960232,2552.1189364899997,2573.60919343,3573.38213722,3583.1862971,3615.6203914,4685.28275864,4698.438461029999,34.39265537,1207.7663598000001,1409.61062805,1455.6260869,2556.15561943,2584.8563799900003,2624.1950693100002,3696.8526839200003,3716.8115937300004,3757.2513472200003,4898.63938307,4921.50361152,82.10396232,1397.9865599,1428.55623042,1513.71318008,3120.49601218,3165.92602985,3265.7388979899997,4576.962535979999,4612.265817219999,4695.823145310001,6050.12193763,6092.574453649999,61.572313169999994,1427.86408304,1452.51254322,1516.0318536399998,2647.74309029,2703.72924815,2792.7290131199998,3705.2061186700003,3781.0688363699996,3927.2234673800003,5270.61177598,5397.61923335,51.8463811,1629.67802327,1663.54283164,1761.8117180499999,3021.3338429200003,3056.76900118,3194.37028414,4501.835373520001,4526.181932140001,4604.648826979999,5948.49980791,5989.26056694,47.50114071,1422.92230436,1429.7437855399999,1477.7807074,2576.64228094,2610.3007672199997,2717.21709437,3563.66778906,3719.71954565,,,,"11/03/2022, 23:07:46"
,"Збір на розвиток виноградарства, садівництва і хмелярства",19060000,0,107.06529704,156.09153399000002,205.76415079,257.43123061,314.41205522,375.3108763,440.56954804000003,536.78000171,623.788407,703.71091547,784.8938643500001,102.50443668999999,179.45171416999997,255.45429711999998,336.34702631999994,420.1453106299999,515.2199167699999,608.07473997,711.76979588,810.5938497,898.6490760499998,987.6902933399999,1075.0363072399998,108.50574360000002,191.99687758000002,272.2448717,352.78647664,438.30774617000003,536.7238144400001,635.89450892,734.6013471000001,845.5784920800002,928.0129485900002,1014.2328415200001,1102.99331258,103.78389178,179.90333009,250.47476165999998,325.65587046,410.82088698,501.46127866,593.3005183099999,690.8678194099999,783.08047533,868.64741304,953.13034505,1038.29105579,105.17094133,106.53444644000001,106.04450334000002,105.73722067000001,106.24270774,106.20332619,106.03690878,105.89862658,105.72946049,105.58587112000001,105.17352616,104.21127636,-0.03780311,-0.11725126,-0.18860896,-0.24586666000000001,-0.28467398,-0.32597962,-0.40767318,-0.49193343,-0.703879,-0.73091927,-0.77503302,-0.84357239,-0.02753964,-0.08879963,-0.16025181,-0.17834443,-0.23465806,-0.46312175,-0.48270690000000005,-0.48388668,-0.49042579,-0.49636381,-0.49926115000000004,-0.54870274,-0.00985456,-0.000730129999999999,0.0067154200000000015,0.012781170000000001,0.21361610999999997,0.21873920999999996,0.24290321999999998,0.26335474,0.39992563999999997,0.30309678999999995,0.31136411999999997,0.32020234999999997,0.00733874,0.01850723,0.0314449,-0.00742139,-0.0029404999999999995,-0.0018213599999999995,0.003792440000000001,0.007712010000000001,0.03688375,0.047492440000000004,0.12789258,0.060177720000000004,0.00527888,-0.00841351,-0.00960804,-0.0105308,-0.009359870000000001,-0.008345539999999999,-0.00616669,-0.0030306599999999997,-0.0007547899999999978,0.00194896,0.00312238,0.0078556,0.01479055,0.0293811,0.0032599699999999996,0.00447615,0.00554157,0.00971855,0.010060719999999999,0.020999939999999998,0.02276355,0.02368675,0.02916487,0.02920166,0.01408594,0.013608209999999999,0.013361209999999998,0.013176209999999999,0.013176209999999999,0.013212209999999999,0.013212209999999999,0.013212209999999999,0.01322021,,,,"11/03/2022, 23:07:46"
,Неподаткові надходження,20000000,4500.771445030001,6370.252389160001,10662.7935081,15470.72237101,19239.03794573,22638.89511737,32325.64485023,37286.23822873,41933.2617268,47647.23230774,51403.66869899,60003.652027109994,4385.46960949,8559.241957229999,14390.681368729998,18407.49075405,22589.86004146,31019.75207743,38046.89671105,44228.74700715,52106.26800099,58768.38771215,64785.60317174,80923.31547409999,4270.398081830001,11277.15620424,18508.616851750005,21877.455976180005,27396.193421750006,35527.795471130004,41327.821342970004,50876.30847681,61467.631784740006,69696.54040611,78609.05221132,84981.01889667,7555.247485630002,16217.776806320006,28047.164289550004,36363.865411980005,44326.671764290004,49163.001134210004,54081.84118550031,59460.223899360004,65246.246930170004,69431.13679682,73813.56183331001,80612.76265799001,3124.61047819,13219.993645019998,26751.98607385,43586.41594765,54073.31354827,65300.50693114,77256.87296196,90442.97513623,105377.71498617,115480.56035607,128134.9023534,140154.4387332,3482.56324123,9013.237414579999,15698.498203539999,21384.73569768,28824.31117984,36999.10672478,41472.98255162,51915.78048208001,62178.02381675001,78585.55554490001,102153.58849581,125502.87822859001,4362.28043791,12287.55864281,19790.56156127,36711.47309905999,49305.15170300999,77187.48251651999,88413.83155995999,103626.94540658,112586.17393859,124500.21658851,138822.17005096,154552.06706089,5751.8608265699995,13491.721512429998,25043.411543209997,51561.287921549985,78638.85491390999,108663.55456038,116800.89954367999,133585.89103985,144672.60565145,153192.35441532,170603.06019535,192716.61545243,7011.356645209999,14967.8061167,25772.59668635,81023.56810977,108042.34425781,134241.98900399997,149675.79928932997,159795.40274082997,170324.53764213997,179546.98899251,188220.11213978997,212858.54847187,7526.60753268,16192.40150429,24382.46603171,77233.70641232001,84272.53202693001,161608.96732589006,169184.01067961,182855.82879215,194635.01730798004,203631.92236636,217839.17722349,234421.63982239002,6185.02057083,14760.61287816,26554.03071702,58802.98219655,77788.17467199001,116316.8338565,125419.39087443,141863.51902471,158783.74251745,171102.21923195,185348.09410692,202540.97205826998,8833.56129474,37319.47786329,89904.57569952,99864.23806936,113126.10559971,132328.89198382,143347.30557370002,165329.18030518,230972.33302882,,,,"11/03/2022, 23:07:46"
,"Доходи від власності та підприємницької діяльності, з них:",21000000,1543.8883918900003,768.0540659500002,1775.4020130300005,4091.4616264100005,5191.985054230001,5551.822828860001,9409.399094960001,9934.274041600002,10127.582437340001,12855.100661060002,13577.496000950001,17661.991810210002,1338.7840358400001,2343.52202558,4524.33929751,5709.8011251,6793.39747809,12053.9643392,15749.66004711,17024.799327459998,20020.351980579995,22877.194865219994,25479.808159629993,32808.63860250999,1138.36457828,1525.4996237699997,5475.06324391,5686.20442659,8420.83711817,13166.07365512,15435.516409880001,18505.54791381,24068.568721710002,28406.279655450002,32463.006846490003,33744.15009627,4202.867013600001,9329.803700490002,17449.115118510003,21602.684697430006,24668.372009120005,25836.614791490003,27052.3501520003,27495.158932230002,27676.928710340002,27837.384694180004,28395.788495580004,28806.804530950005,248.0695725,6229.731473840001,6367.474763290001,16937.8315213,22653.555003999998,28971.21088562,37003.83688125,44567.14094716,52941.79096244,58751.354903889995,66699.67316407,71562.98590905,120.04685358,1013.09956253,1314.0196766899999,2372.13367689,4682.157088960001,7389.094246250001,7976.497284870001,10669.898902560002,11120.341104550002,21978.80092146,38556.125298850005,53364.48668211,185.88434601,2666.19919831,3063.30581424,14839.271934879998,21554.1690306,42337.08409697999,48535.83005095999,55859.41401300999,56338.78802033999,61877.06018432999,68950.81475353999,73894.63805859999,519.4278007300001,1904.3882625699998,3165.5906168199995,18712.81143265,37404.928179049995,58885.16815842,60278.69119749,68599.14259776,69937.13025518,70934.96871823001,80398.91194261001,89030.60949696001,483.81662277,1347.34349766,4123.3466366699995,52266.888720610004,71740.87521970001,90543.02211692001,99132.19826096001,100332.85218439001,100860.95936790001,101436.48589360001,103008.11774474998,116045.59681289001,627.2437214199999,1442.83299262,2377.2504983999997,45564.71873671,46668.71289933,113224.20903975001,113954.67645664999,117313.57247146001,117852.15242884001,118515.92214914999,120073.25942149,120734.86133203999,707.5445185599999,1732.1911180999998,2699.25402642,27720.443952060003,39259.64785981,50807.10187862,51124.51049955,52703.40482014,53452.61499877,54708.41551946,56894.85931242,57700.33401936,976.2358844299999,21222.198541650003,55609.57854106,56625.6003493,60018.23946601,65779.93133725,66470.20634252,67950.15404943,68516.33635419,,,,"11/03/2022, 23:07:46"
,"Частина чистого прибутку (доходу) державних або комунальних унітарних підприємств та їх об'єднань та дивіденди (дохід), нараховані на акції (частки) господарських товариств, у статутних капіталах яких є державна або комунальна власність",21010000,22.50750828,290.43623542,314.48257646,358.53573555,938.33501785,1129.53277766,1560.09537962,1939.1632975399998,1987.6811424999999,2090.7015192299996,2655.3827326699998,2688.12286577,27.467015980000003,885.4547160799999,911.52043075,963.0918325399999,1893.3929097300002,2491.1621566,3320.7516843,4435.754858599999,5255.443309489999,5924.258454079999,6350.364199139999,6483.54163594,18.03155255,278.26753702999997,295.22011922999997,337.91715897999995,934.1109583499999,1415.81952534,1511.5441422499998,1733.0251507899998,1914.7165699199995,2033.6641365299997,2412.4289976699993,2489.2281442399994,18.59723718,241.99440126,280.32516811,311.80356583,1053.00276847,2082.54132551,2346.2025214000005,2665.89025449,2706.41254173,2746.13163689,3166.40610284,3432.57354548,7.355983709999999,436.59473228999997,461.71661348,804.96462041,1403.20474961,2599.6324455,3287.61505913,3729.75170481,3965.06553682,4594.69976698,5360.88629979,7321.59373467,46.18498797,802.3980997599999,914.9099579499999,1771.0594082,3844.3686676899997,6282.19143672,6601.18885365,8966.656699840001,9075.716698490001,9600.345058530002,11834.277416870002,11956.00298599,14.13183331,2190.04544521,2340.0728249899994,3719.408526529999,4894.958979309999,20193.16899328,20954.01346661,22851.63721807,22911.595238679998,23018.99375757,24684.68654258,24789.759218729996,171.54724288999998,1308.70413383,2255.29262919,2416.27351522,3749.78372396,18864.350674499998,19778.944140839998,21111.469206579997,22071.129127779997,22552.40832005,31647.25373432,39854.75448245,73.13670015,571.86476706,2978.7875633099998,3048.0587910699996,4857.47612266,23305.27198785,31523.76343405,32416.12298742,32479.109702420003,32565.54980492,33795.05713064,46421.420083360004,242.95457378999998,695.63052217,1325.19275556,1420.4579644299997,2251.6435188699998,68470.02502716001,68315.9854702,69250.44474538001,69332.84108863,69465.91802062,70630.12145858,70859.49476311001,54.34057919,787.18410491,1400.6591871199998,1453.89870026,12613.1156493,25818.84957123,25891.22182025,26828.098463169998,26937.263611029997,27230.713890119998,28658.96570895,28722.71229334,63.19464302,1091.02248937,35313.76643728,36212.517630279996,39384.79090978,44794.084326050004,44934.33318364,45946.49561697,45985.53530092,,,,"11/03/2022, 23:07:46"
,"Кошти, що перераховуються Національним банком України відповідно до Закону України «Про Національний банк України»",21020000,0,0,0,2069.736,2417.9719999999998,2417.9719999999998,5690.486,5690.486,5690.486,8179.621999999999,8179.621999999999,11898.252999999999,1200,1200,2400,3400,3400,7900,10600,10600,12600,14600,16600,23600,1000,1000,4000,4000,6000,10063.7,12063.7,14747.021,19747.021,23797.021,27297.021,28308.1598,4037.86939156,8800.86939156,15800.86939156,19800.86939156,22000.86939156,22000.86939156,22807.3344,22807.3344,22807.3344,22807.3344,22807.3344,22807.3344,0,5450,5450,15125,20125,25125,32125,39125,47125,52125,59125,61803.5935177,0,0,0,0,0,0,0,0,0,10000,24000,38163.77732771,0,0,0,10000,15000,20000,25000,30000,30000,35000,40000,44378.8289455,0,0,0,15000,32000,38000,38000,44614.31884078,44614.31884078,44614.31884078,44614.31884078,44614.31884078,0,0,0,47600,64898.45623904,64898.45623904,64898.45623904,64898.45623904,64898.45623904,64898.45623904,64898.45623904,64898.45623904,0,0,0,42722.482932980005,42722.482932980005,42722.482932980005,42722.482932980005,42722.482932980005,42722.482932980005,42722.482932980005,42722.482932980005,42722.482932980005,0,0,0,24433.99661055,24433.99661055,24433.99661055,24433.99661055,24433.99661055,24433.99661055,24433.99661055,24433.99661055,24433.99661055,0,18785.918746479998,18785.918746479998,18785.918746479998,18785.918746479998,18785.918746479998,18785.918746479998,18785.918746479998,18785.918746479998,,,,"11/03/2022, 23:07:46"
,"Адміністративні збори та платежі, доходи від некомерційної господарської діяльності, з них:",22000000,187.27825641,578.6102082699997,960.2735938799999,1314.5962936500002,1661.7645811800003,2039.2280260799992,2407.4724117299997,2788.4521938499993,3197.7525249600003,3604.832652729999,4007.8810451,4459.05331044,356.05440021,909.8716228599999,1706.16304322,2287.92498,2862.13441478,3399.7975009099996,4013.6467458099996,4617.62756664,5368.48688865,5932.4580187599995,6541.6500509,7174.046955139999,449.86555682,958.7583582,1615.07107029,2212.20329246,2824.1697183499996,3345.7677783999993,3951.4723191399994,4512.4033811399995,5189.2252769,5786.4163305,6395.58429826,7088.75568141,480.65589176,1254.8531329999998,1943.00547327,2499.64717693,2997.39599619,3486.47771843,4133.87221812,4617.769451069999,5150.085945479999,5677.529182359999,6181.112263099999,6888.932140499999,488.2155828999999,1141.32413703,7936.234394389999,11327.9536642,11976.28758953,12764.81531568,13598.60281293,14310.20933586,15140.91820554,15980.024941959999,16818.89799902,17854.45803386,661.6546282800001,1494.887134,2423.86215143,3339.4615547099997,4219.81619252,5112.11579548,5970.36603829,6843.34289045,8023.80918605,9059.24402367,10241.42906336,11387.006484659998,898.9250950899998,1779.1531502599998,2947.4119186,3963.2660609399995,4993.2227142599995,6196.460708709999,7300.105873439999,8385.578426729999,9535.248961,10908.488705789998,12201.891141039998,14418.382034019998,1092.03758468,2225.52528,6649.12974101,12669.21635062,14094.09479641,15305.09816753,16569.909102060003,17927.96570009,19019.89316885,20280.437012320002,21597.531002500004,23002.443123910005,1103.8823464500001,2200.7845422600003,3383.0007678300003,4725.466398910001,6018.397230480001,7225.779689110001,8629.57062851,9844.956515830001,11127.28588895,12559.560191350003,13716.51009947,15019.816286700001,961.137347,2396.27545171,3745.244949090001,4437.630975149999,5257.92379891,6265.884653720001,7472.99475574,8494.184076989999,9598.0245207,11344.747709360001,12403.404736479999,13889.1475885,962.82001439,2362.1683850900004,3842.28136946,5403.11280993,6886.36898034,8318.31663762,9762.79692021,11183.02252952,12733.15908956,14154.70683984,16147.5431061,17778.93574194,1495.85760138,2759.39366001,3083.64363132,3714.16132824,4544.93638076,5653.0035492,6584.33858374,7678.33907683,8719.08003284,,,,"11/03/2022, 23:07:46"
,Плата за надання адміністративних послуг,22010000,0,133.86202384,219.16208690999997,292.7930452,365.74752116999997,459.38095538999994,538.5422957100001,640.5748689999999,753.52390035,849.30680735,945.55994261,1049.75283377,69.51442762999999,305.12067587,745.00477963,976.5926975100001,1201.55854185,1410.98294831,1663.8041730700002,1934.22043045,2359.5548479500003,2564.78535099,2831.36872346,3109.13101638,147.47443665,310.82223722000003,607.18398402,802.34259625,953.7628189499999,1117.21185686,1316.59787496,1517.7992619699999,1742.38178096,1944.84739995,2160.45414417,2417.2486342499997,157.86830154,594.16680208,914.26819073,1093.17633976,1246.29693271,1378.64313808,1632.68032087,1772.19451558,1916.3341357499999,2063.7197638999996,2206.17698356,2379.67231297,158.45860604999996,488.64098734999993,6820.5329322299995,9780.345765490001,10006.271900130001,10346.59724235,10710.31922926,10961.74808463,11266.43142302,11562.74880406,11822.29038025,12158.65750566,161.86550793,416.38159877,679.03982834,945.1469877899999,1228.2345841400002,1528.05449803,1778.55322581,2026.6548113899998,2508.5131877,2802.2522518099995,3127.0641606499994,3445.130310589999,401.62638509,679.2438061199999,1170.93858902,1448.9269901100001,1834.6770858,2373.64420706,2846.8872599200004,3290.62799733,3785.0997089800003,4429.3602336,4967.03535508,6276.86828764,478.56220155999995,918.5951319799999,4613.57748082,9825.590119729999,10371.6149522,10795.58234639,11282.16891394,11848.111256330001,12257.740948100001,12678.572395800002,13149.711195680002,13628.977183080002,431.92431976999995,827.3903970899999,1254.1475606999998,1845.6281284099998,2391.41350268,2837.2283390400003,3371.10423531,3798.08816287,4302.77201048,4812.10610542,5235.121555379999,5681.784095959999,401.4939274599999,1105.6429614699998,1772.2588003299998,1940.46502538,2196.12825559,2590.6236537799996,3110.5229429,3507.4102917399996,3927.7454174599998,4928.26925692,5335.13130789,5810.86985401,298.27851545,791.68758073,1438.42263775,2199.87980103,2966.0282982800004,3640.45712392,4275.99180525,4912.0259624499995,5655.46474392,6304.06406621,7391.43084627,8071.51707134,437.97518601,884.39169432,980.12385215,1194.18452378,1594.57337184,2141.11841468,2617.43378077,3071.63661486,3454.81811673,,,,"11/03/2022, 23:07:46"
,Надходження від орендної плати за користування цілісним майновим комплексом та іншим державним майном,22080000,97.44180166000001,214.05919589,358.8043602,493.63617195000006,625.6087452500001,762.1969986400001,903.5522799000001,1031.8456726200002,1169.0288117900002,1306.1427664300002,1437.0080980600003,1589.1060646000003,130.48408727,265.86512384,420.26266999000006,570.58248528,717.75510573,862.7487501599999,1018.680533,1169.42327059,1316.5495371299999,1471.97764839,1618.0595719300002,1777.38621483,139.73246679,281.49315055,431.43165766999994,595.78348748,871.3980244899999,1015.4738816799999,1168.77405506,1309.65609118,1533.5817932699997,1680.7082046199998,1824.9057068299996,2011.33084709,139.91801494,263.93043717,397.64785423,529.9229128100001,659.2502206100002,794.21364696,934.5102101100001,1057.76444803,1205.3747884500003,1341.0343666800002,1469.66044099,1715.9669226700003,133.63494126999996,261.54366304999996,414.5201933899999,583.54474804,748.87471609,925.4452756399999,1115.48813448,1279.36671752,1457.8936129600002,1640.0294731200001,1816.24314148,2015.5776001200002,169.83887965,328.36514177000004,485.84600495,637.69484018,801.7280055200001,952.20606307,1106.37469981,1253.79837358,1406.79511976,1565.8872620900004,1714.2445503400002,1888.3663314100002,136.41822625,280.67007147000004,443.85186322000004,594.36069451,744.12710841,897.07517127,1060.4381184600002,1228.06896275,1387.0992328500001,1554.39881162,1741.3547118000001,1960.52152036,186.82768969,385.20651859,584.54413169,790.8371025499999,992.7643082,1218.3874301399999,1425.32908411,1623.8385275199998,1817.69690226,2031.7444585399999,2242.3483908099997,2488.65469697,212.63193419,443.45125028999996,684.3564595799999,901.3030861399999,1134.95205476,1353.05726155,1580.03129699,1792.5722863800002,2017.16181542,2244.58996669,2455.26608529,2701.82809679,213.83292515,448.91917316,658.76205078,819.4833137999999,978.47272392,1152.49353677,1353.65879754,1525.69217167,1707.7474547399997,1892.34753954,2070.04856235,2330.47917337,221.88236344999999,648.40181684,851.66638473,1041.6181485700001,1233.4754005799998,1423.90991265,1617.0512697899999,1812.45031526,2032.3762880499999,2230.07745461,2439.06581758,2691.47024182,201.2980604,377.13817557,468.99109683999995,561.62446098,665.49741683,776.00998845,866.3917272699999,961.4894418,1074.79812844,,,,"11/03/2022, 23:07:46"
,Державне мито,22090000,47.53410649,110.47497772,181.41020723999998,244.2806842,304.69190611,369.87482897999996,437.73144350999996,504.68195141999996,573.64874926,651.58098718,683.93388141,715.95304595,20.51385497,44.205112729999996,71.82662105,99.59777740000001,128.73052762000003,156.11811353000002,189.51296901,219.09517451000002,246.24518856,274.56127299999997,304.05673533000004,332.38847605000007,30.04774852,71.34794169,120.71458885999999,180.8443888,229.21941561999998,282.45565897,358.59433146,413.4148389,469.89106438,539.25218876,606.76842299,680.5774539399999,58.50448566,113.0412934,182.20510498000002,245.25044485,303.15192815,361.16858823,433.0224425,490.31903024999997,551.59665864,612.41275893,669.48969886,743.7320441,43.63560401,64.02670531000001,115.32849448000002,153.51853786000004,187.98119111999998,226.51174371000002,268.48955379999995,302.98748338999997,337.17964821,369.10659262999997,405.17507693,442.5293292399999,27.727268279999997,69.64246388999997,111.08995174,148.62043575,188.44982854,226.59645534,271.3608215799999,315.57520244999995,356.72782536,367.0946788899999,376.5017622699999,387.5707878399999,5.803009149999999,14.429932950000001,24.713009800000002,33.37660978,42.78052024,52.800715159999996,62.439310819999996,72.29414784,82.23372807999999,92.82875508999999,104.29811138999999,116.53707612,7.576966359999999,15.95703224,26.340596220000002,35.30700102,45.30694844,55.837014999999994,66.36412797,77.74370859999999,89.70081871,103.38311828999998,116.01684919999998,130.07916674999998,9.06882531,19.918809930000002,33.061918950000006,43.45253022000001,56.15371699000001,67.21711316000001,80.22537342000001,91.92006139,103.8916141,117.49124028,130.44657888,143.31218217,8.230623300000001,18.275573480000002,28.46920564,34.13408119,42.41399531000001,55.110004489999994,68.272414,78.82566152999999,92.52490448999998,105.48335403,118.49840222,134.18353227,7.82542162,18.35846261,32.35195724,45.30937769,58.03854968,73.38665655,86.10350220999999,99.09300168,115.34060553,128.89579033,146.14216387000002,167.0802146,10.74237815,22.24336177,24.65729009,27.84746698,31.7300097,38.08072277,44.838972829999996,53.15399447,62.70991027,,,,"11/03/2022, 23:07:46"
,"Інші неподаткові надходження, з них:",24000000,836.1700250399999,929.11309674,1469.0863917499998,1956.8973504899998,2424.42362256,2886.55228396,3354.36198772,3915.0934393099997,4548.08775671,5078.479489789999,5631.218669119999,6360.045465799999,462.74598358000003,880.9516775000001,1365.69314929,1882.8051904200001,2400.53833838,2927.39310551,3454.1517836000003,4021.4243667,4573.86073151,5415.57212111,6059.07789927,6745.85976083,423.43517127999996,896.5835343399999,1406.54552115,2038.6973221499998,2493.1799392999997,2939.9761776699997,3524.60891507,4070.09348161,4518.588223629999,5064.92844358,5503.11474802,6245.13542636,430.12793288999995,831.73283538,1232.83321069,2722.79773174,3844.1996157,4911.4979642299995,6032.93015186,7485.387118049999,8737.156484399999,9980.633701609999,11190.886631719997,13244.981021189999,490.41367852999997,1025.7052697899999,1703.5798473199998,2247.2099810699997,3374.6643695499997,4032.1876139799997,4702.48788323,5312.78929385,5842.25726589,6629.97928541,7861.82455812,9044.34342487,563.37467015,1320.1731407,2107.5145374599997,3079.0549201599997,4295.258347069999,5118.889119189999,5742.15684419,6750.32242159,7619.37535091,8952.42880747,10525.325653009999,11801.693085259998,660.32930384,1781.6968365399998,2757.72002763,3761.49426224,5282.74191222,6286.71401939,7088.58160364,8138.31370992,9117.81984204,10206.17689799,11784.513663450001,13580.292533890002,818.40793073,1816.7753837999999,2776.21642024,3894.7220230699995,5395.716536759999,6483.958823509999,7416.277233419999,8518.108333479999,9668.458176409998,10999.254807209998,13022.788495519997,14798.786073519997,1730.16067334,3524.73778435,4958.13391696,6524.611157179999,8061.4340339499995,9214.7298782,10540.87432815,12070.51141783,13301.628310519998,14718.30916663,16087.97169198,18116.915617749997,1550.1180223899999,2822.0208469200006,3990.4616037800006,4963.31059841,6092.301529799999,7325.71748649,8880.16082604,10049.290386379998,11455.50879755,12907.59572959,14438.19902487,17596.128495099998,998.62190136,2253.07491001,3814.20837395,5345.55494346,6773.61622866,8236.65902696,9832.63970014,11325.389816930001,12993.464178049999,14653.9504189,16392.44210237,19806.51761286,1358.07762946,2678.76013564,3349.2991796799997,4414.36424875,7124.52257913,8588.34244127,9908.29957996,10999.3059474,12371.143877690001,,,,"11/03/2022, 23:07:46"
,Збори на обов'язкове державне пенсійне страхування з окремих видів господарських операцій,24140000,359.82584216,436.18643800999996,732.259354,1029.31764863,1317.3222196299998,1616.5699700599998,1923.0172219499998,2274.45234305,2610.0607403,2927.0014235099998,3267.3548365199995,3658.5947204399995,243.83492059000002,502.79067037,816.65008996,1134.28227762,1452.67903968,1764.16556981,2105.07741041,2451.69375064,2761.42164104,3110.65855355,3433.41143152,3796.29886769,213.50684938,458.68168329,747.45716586,1125.8229562,1396.8901439499998,1682.8587864399997,2052.1355521899995,2425.2903391699997,2694.3015562199994,3006.9430636199995,3276.4483972299995,3605.4699883499998,248.32916442,481.05489367000007,715.637552,1763.3434934400002,2667.03846323,3543.9658584500003,4518.60072232,5711.70790241,6697.003437720001,7688.218129570001,8495.96060795,9631.644002800002,211.60339387000002,468.85857003,720.00573253,1003.1023945400001,1253.36352772,1552.56865347,1922.48071463,2231.45196764,2565.17825663,2975.4850306099997,3418.49947684,3912.82916583,268.84802944,644.39253219,1085.6623097699999,1547.87005739,1931.87948902,2339.80871297,2763.95586115,3235.64312136,3726.01286728,4215.185757980001,4760.003493210001,5358.54195864,367.65768729,773.1048035599999,1300.33215666,1797.43042974,2288.64141173,2819.00797898,3331.19130834,3846.28445899,4406.97720134,4969.8080542299995,5548.170819059999,6183.265989439999,487.50807117,976.7200193,1523.36447772,2068.43220523,2636.53915559,3172.93081046,3762.90590022,4406.98787781,5017.03320818,5726.98075584,6422.0495908699995,7161.10309092,661.16200318,1418.30083535,2181.23961363,2893.83094688,3642.4127966999995,4350.50592779,5184.5502329,5959.46286392,6723.76912469,7554.74787617,8352.282015789999,9231.660440740001,671.05331281,1379.47724148,2075.82693458,2521.5012024099997,3210.35246975,3974.2443081399997,4897.66605699,5704.98019733,6645.792748759999,7564.83453511,8465.70048917,9535.60835719,669.08528201,1456.0826486199999,2500.7539634,3596.3377022,4527.482558729999,5566.29989246,6727.62493058,7819.71531275,8974.708527129998,9994.24224035,11118.709733709999,12414.020246799999,806.19744679,1672.19473785,2024.5735831099998,2473.66601774,3300.48473744,4145.67982935,4885.68358524,5590.916884939999,6327.083294319999,,,,"11/03/2022, 23:07:46"
,Власні надходження бюджетних установ,25000000,1933.4347716900002,4094.4750182000002,6458.031509439999,8107.76710046,9960.864687759999,12161.291978469999,17154.41135582,20648.418553969997,24059.83900779,26108.819504159997,28187.072983819995,31522.561440659996,2227.8851898599996,4424.896631289999,6794.48587871,8526.95945853,10533.789810209999,12638.597131809998,14829.438134529999,18564.895746349997,22143.56840025,24543.16270706,26705.067061940004,34194.770155620005,2258.7327754499997,7896.31468793,10011.937016400001,11940.350934979999,13658.00664593,16075.977859939998,18416.22369888,23788.263700249998,27691.249562499997,30438.91597658,34247.34631855,37902.97769263,2441.59664738,4801.3871374499995,7422.21048708,9538.73580588,12816.70414328,14928.410660059999,16862.68866352,19861.90839801,23682.07578995,25935.589218669997,28045.77444291,31672.044965349996,1897.91164426,4823.23276436,10744.69706885,13073.42078108,16068.80658519,19532.29311586,21951.945384550003,26252.83555936,31452.7485523,34119.20122481,36754.50663219,41692.651365419995,2137.48708922,5185.077577349999,9853.10183796,12594.08554592,15627.079551289999,19379.00756386,21783.96238427,27652.216267480002,35414.49817524,38595.0817923,42830.70848059,48949.69197656,2617.14169297,6060.5094577,11022.1238008,14147.440841,17475.01804593,22367.22369144,25489.314031920003,31243.639256920003,37594.317115210004,41508.4908004,45884.95049293,52658.754434380004,3321.98751043,7545.03258606,12452.47476514,16284.538115209998,21744.11540169,27989.32941092,32536.02201071,38540.674408520004,46047.12405101,50977.69387756001,55583.82875472,65884.77675804001,3693.4970026499996,7894.94029243,13308.11536489,17506.601833070003,22221.637773680002,27258.45731977,31373.156071710004,37547.082622780006,45034.66407477,50832.633740929996,55407.512603589996,63676.21975453,4388.10844187,9531.272213040002,14269.508980440001,22268.04610205,26253.59379889,34793.15614593,38876.17864118,46998.78185732,55729.33156089,60863.65677826,70924.31404064999,82201.50240675,3516.03413652,8413.17846496,16198.286947190001,20333.8704911,24868.54160318,48954.7563133,54699.443754529995,66651.70185812001,79604.50425107,87585.14645375,95913.24958603,107255.18468411,5003.3901794700005,10659.125525989999,27862.054347459998,35110.11214307,41438.407173809996,52307.6146561,60384.461067480006,78701.38123152,141365.7727641,,,,"11/03/2022, 23:07:46"
,Доходи від операцій з капіталом,30000000,275.50675802,369.0104969700001,494.01447681,652.53427242,760.56340954,915.3917227999999,1253.14177979,1400.64874143,1565.98345133,1694.4709326500001,1963.0247624800004,2347.53181076,149.41478616999999,300.04056244000003,426.88163408,561.0298300000001,811.55110644,1017.7918579100001,1182.03860992,1337.3859786899998,1498.48697218,1630.91728946,1854.5478143799999,2985.76495114,87.53607841,144.59243911,229.53176495999998,328.94267835999995,404.05869766999996,552.5699244,709.66006722,870.2687868499999,1085.4994327299996,1215.8636341199997,1357.2635870499998,1636.9639144499997,134.67465725000002,222.84063497,434.37727585000005,506.2100746400001,568.0713185000001,639.8975891000001,922.4355724400001,1069.5146149000002,1573.88594873,1752.95570881,1848.2299838300003,2015.7881294600002,80.29090258,190.12412582000002,451.40364868999995,601.1920423300002,670.67968964,778.56477197,888.7844816900001,1087.8244364,1232.0117116899999,1411.83917025,1598.5274075099999,1799.5399736199997,89.71555684999998,248.22594485000002,376.62502053000003,488.75738726,560.5512525199999,705.6103307399999,824.4443035200001,930.49349485,1035.7473393,1195.58525779,1342.85613859,1593.9512155300004,275.10956015,490.56649878999997,658.2635220799999,835.43155361,962.75153084,1111.63276584,1246.8743473000002,1414.9125081900002,1464.76631909,1617.33539058,1789.42954288,2160.45659389,174.23960564,304.67107129,494.55860760999997,809.04212682,1312.6092615399998,1476.7384331999997,1618.7860938699996,1789.7990877399998,1958.8735321399997,2210.5845180499996,2455.8131596799994,2800.9909589799995,162.80135041,465.71483069,782.50616814,981.0830796,1183.94201396,1380.25645735,1641.44723504,1851.92082936,2163.37031656,2482.4137986200003,2759.4904175700003,3111.85878594,172.97199551000003,352.1897268999999,526.5853523999999,660.87334786,867.0191936100001,1163.9389047299999,1444.70911404,1748.41062476,2077.1883435,2633.35198588,3018.7982423400003,3552.46300593,144.39043531000002,336.93930108,559.37979802,781.82599161,1083.60681368,1564.8333806800001,1790.6588666300001,2205.0133983299997,2518.2058608800003,2906.74165829,3208.55395734,3790.89088153,328.95218347,557.57571788,603.70766867,830.60238714,912.26643711,1280.9352941,1655.90446747,1816.5660725799999,2057.02363553,,,,"11/03/2022, 23:07:46"
,"Від Європейського Союзу, урядів іноземних держав, міжнародних організацій, донорських установ",42000000,9.0927261,9.0927261,9.0927261,49.82270554,49.82270554,59.16078838000001,88.62598170000001,88.62598170000001,114.78630308000001,135.25521424000002,145.15408882,481.35156761999997,15.5475224,24.504327940000003,56.64989088,56.64989088,62.86605776,106.87959003,131.86984035,131.93879343,148.20666016,172.87353213,202.80152477,222.86395453,318.8469686,318.8469686,377.8667907,377.8667907,377.8667907,398.02968912,425.16114878,432.23611372,443.66967323,479.75339649,479.75339649,1529.2751301500002,0,15.04870594,39.9421546,400.76949292,408.44941678,424.73085785999996,475.75670175999994,5149.132451760001,5183.31762407,5226.876012600001,5335.543643450001,5382.954781890001,48.70270293,60.38023924,302.06444041000003,380.89477176,381.09557036,567.16617129,704.06753581,953.07049838,1552.10133984,1634.21783865,1646.48254679,1882.17426614,94.07388204,123.96267609,251.33598890000002,354.01811054,384.2586523,445.74639939,519.26127322,693.7238015600001,873.9661637800001,941.3980118000001,2441.2477174600003,4198.203020110001,65.58470389,75.31931662,505.26849810000004,508.38521205000006,812.60216744,879.3023510300001,1083.19929894,1156.20204923,1307.80378223,1332.98141865,1518.2249627699998,1631.1674804099998,8.478031759999999,19.68745956,55.321418300000005,89.34922508000001,89.41949095000001,130.37991473,134.86505111,793.60046127,950.0299340199999,954.4043253799999,960.2492076299999,1559.02747843,1.22503555,0.85639034,43.187293219999994,43.589274159999995,84.2023164,653.77461374,656.91507982,656.98118443,694.17246644,1156.23085618,1166.27034709,1184.16907531,101.95002923999999,234.54843565,265.6567609,416.82577394,550.97495292,606.98684208,959.52762562,1004.52424383,1084.56656613,1090.58900248,1115.69561452,1176.04966077,0.5775426,1.32447452,48.59556096,57.71212217,64.59174253,180.16042781000002,285.56398003,479.29969882,520.39077574,755.26148219,849.8253915700001,1325.90481918,41.43917836,3706.79802943,3792.83484613,25647.161597950002,41523.49755704,79642.75860697,160072.2989803,269884.57723532,342526.78364444,,,,"11/03/2022, 23:07:46"
,Цільові фонди,50000000,115.42435594000001,89.86266067000003,224.02591716,392.46586763000005,449.35029987999997,527.50340481,613.02479954,686.9257824299999,781.2914833599998,845.2008341399999,920.66298431,1029.13630836,49.73873894,85.60856027000004,167.37601629,343.58476980999995,408.21587658,453.73383551,501.47978537999995,545.014648,595.1685579899998,646.0406558900002,699.7983329699998,826.11033037,28.22907707,76.75536453999999,136.30899829999998,301.97378544000003,361.79105749999997,405.04873017,451.67320771000004,487.3840003900001,530.93395534,567.8329998400001,601.1471033100001,673.30964727,61.34176136000001,97.64821658,166.89039064000002,262.92648432,294.17775798,328.21283539,358.02813919000005,390.07648994,418.81471321999993,449.50405123999997,483.9818372399999,543.8868485700001,28.864527619999997,78.87230191,128.14050853,221.51009593999999,256.32820508,299.68420227,355.58083092000004,387.44654345000004,439.04524647000005,477.26572021000004,513.2285421800001,558.9417217899999,21.34723409,104.62893432999999,169.31898791999998,265.71095551999997,331.77112755999997,446.15393772999994,528.31390201,575.62801453,619.1234531000001,664.8445317600001,717.39676882,782.7739195900001,58.79407523,110.77369285,202.38526792,29963.58682488,30011.17525058,30055.5087399,30131.33913756,30184.95311536,30277.25837602,30348.32190014,30394.96110185,30467.00311055,49.08465535,111.15640515000001,197.5047278,314.88741780000004,395.20043721,464.9695722,557.71976005,627.79309294,664.92394409,717.15856056,763.7039026599999,865.6076428,42.97717255,1569.4235270699999,1684.83089766,1823.8904004199999,1929.67281672,1966.4526874099997,2050.35364598,2111.02838665,2161.2369301,2256.80882223,2310.95749518,2372.7524880899996,56.282506600000005,130.35709032,208.25769682,319.164958,350.90759801,405.83078443000005,478.94941944,598.70666862,692.7587087,744.9410795,775.43821912,836.42487498,37.729226159999996,95.36678921,180.12737797999998,335.1327662,369.6973708,422.76070799,479.96339084,523.92060237,574.1612672,626.78158626,707.34645677,780.82355037,47.692271049999995,111.67921686,142.73343463999998,212.36879749000002,251.23467957,278.22278423,301.79850915,398.27406966,419.67406099,,,,"11/03/2022, 23:07:46"
,,,,,,,,,,,,,,,,,,,,,,,,,,,,,,,,,,,,,,,,,,,,,,,,,,,,,,,,,,,,,,,,,,,,,,,,,,,,,,,,,,,,,,,,,,,,,,,,,,,,,,,,,,,,,,,,,,,,,,,,,,,,,,,,,,,,,,,,,,,,,,,,,,,"11/03/2022, 23:07:46"
"* Дані за 3 місяці, 6 місяців та 9 місяців наведено згідно із квартальними звітами Казначейства про виконання бюджету; 
за 12 місяців - згідно з річними звітами.",,,,,,,,,,,,,,,,,,,,,,,,,,,,,,,,,,,,,,,,,,,,,,,,,,,,,,,,,,,,,,,,,,,,,,,,,,,,,,,,,,,,,,,,,,,,,,,,,,,,,,,,,,,,,,,,,,,,,,,,,,,,,,,,,,,,,,,,,,,,,,,,,,,"11/03/2022, 23:07:46"
,,,,,,,,,,,,,,,,,,,,,,,,,,,,,,,,,,,,,,,,,,,,,,,,,,,,,,,,,,,,,,,,,,,,,,,,,,,,,,,,,,,,,,,,,,,,,,,,,,,,,,,,,,,,,,,,,,,,,,,,,,,,,,,,,,,,,,,,,,,,,,,,,,,"11/03/2022, 23:07:46"
,,,,,,,,,,,,,,,,,,,,,,,,,,,,,,,,,,,,,,,,,,,,,,,,,,,,,,,,,,,,,,,,,,,,,,,,,,,,,,,,,,,,,,,,,,,,,,,,,,,,,,,,,,,,,,,,,,,,,,,,,,,,,,,,,,,,,,,,,,,,,,,,,,,"11/03/2022, 23:07:46"
,,,,,,,,,,,,,,,,,,,,,,,,,,,,,,,,,,,,,,,,,,,,,,,,,,,,,,,,,,,,,,,,,,,,,,,,,,,,,,,,,,,,,,,,,,,,,,,,,,,,,,,,,,,,,,,,,,,,,,,,,,,,,,,,,,,,,,,,,,,,,,,,,,,"11/03/2022, 23:07:46"
,,,,,,,,,,,,,,,,,,,,,,,,,,,,,,,,,,,,,,,,,,,,,,,,,,,,,,,,,,,,,,,,,,,,,,,,,,,,,,,,,,,,,,,,,,,,,,,,,,,,,,,,,,,,,,,,,,,,,,,,,,,,,,,,,,,,,,,,,,,,,,,,,,,"11/03/2022, 23:07:46"
