Ukrainian Index of Retail Deposit rates,Unnamed: 1,Unnamed: 2,Unnamed: 3,Unnamed: 4,Unnamed: 5,Unnamed: 6,Unnamed: 7,Unnamed: 8,Unnamed: 9,Unnamed: 10,Unnamed: 11,Unnamed: 12,retrieved
,3M,6M,9M,12M,3M,6M,9M,12M,3M,6M,9M,12M,"11/03/2022, 23:07:56"
2022-01-04 00:00:00,7.41,8.45,8.66,8.98,0.4,0.62,0.79,1.05,0.25,0.33,0.26,0.5,"11/03/2022, 23:07:56"
2022-01-05 00:00:00,7.41,8.45,8.66,8.98,0.4,0.62,0.79,1.05,0.25,0.33,0.26,0.5,"11/03/2022, 23:07:56"
2022-01-06 00:00:00,7.41,8.45,8.66,8.98,0.4,0.62,0.79,1.05,0.25,0.33,0.26,0.5,"11/03/2022, 23:07:56"
2022-01-10 00:00:00,7.41,8.45,8.66,8.98,0.4,0.62,0.79,1.05,0.25,0.33,0.26,0.5,"11/03/2022, 23:07:56"
2022-01-11 00:00:00,7.41,8.45,8.66,8.98,0.4,0.62,0.79,1.05,0.25,0.33,0.26,0.5,"11/03/2022, 23:07:56"
2022-01-12 00:00:00,7.41,8.45,8.66,8.98,0.4,0.62,0.79,1.05,0.25,0.33,0.26,0.5,"11/03/2022, 23:07:56"
2022-01-13 00:00:00,7.41,8.45,8.66,8.98,0.4,0.62,0.79,1.05,0.25,0.33,0.26,0.5,"11/03/2022, 23:07:56"
2022-01-14 00:00:00,7.41,8.45,8.66,8.98,0.4,0.62,0.79,1.05,0.25,0.33,0.26,0.5,"11/03/2022, 23:07:56"
2022-01-17 00:00:00,7.41,8.45,8.66,8.98,0.4,0.62,0.79,1.05,0.25,0.33,0.26,0.5,"11/03/2022, 23:07:56"
2022-01-18 00:00:00,7.41,8.45,8.66,8.98,0.4,0.62,0.79,1.05,0.25,0.33,0.26,0.5,"11/03/2022, 23:07:56"
2022-01-19 00:00:00,7.41,8.45,8.66,8.98,0.4,0.62,0.79,1.05,0.25,0.33,0.26,0.5,"11/03/2022, 23:07:56"
2022-01-20 00:00:00,7.41,8.45,8.66,8.98,0.4,0.62,0.79,1.05,0.25,0.33,0.26,0.5,"11/03/2022, 23:07:56"
2022-01-21 00:00:00,7.44,8.48,8.72,9.05,0.4,0.62,0.79,1.05,0.25,0.33,0.26,0.5,"11/03/2022, 23:07:56"
2022-01-24 00:00:00,7.4,8.4,8.58,8.97,0.4,0.62,0.79,1.05,0.25,0.33,0.26,0.5,"11/03/2022, 23:07:56"
2022-01-25 00:00:00,7.4,8.4,8.58,8.97,0.4,0.62,0.79,1.05,0.25,0.33,0.26,0.5,"11/03/2022, 23:07:56"
2022-01-26 00:00:00,7.4,8.4,8.58,8.97,0.4,0.62,0.79,1.05,0.25,0.33,0.26,0.5,"11/03/2022, 23:07:56"
2022-01-27 00:00:00,7.4,8.4,8.58,8.97,0.4,0.62,0.79,1.05,0.25,0.33,0.26,0.5,"11/03/2022, 23:07:56"
2022-01-28 00:00:00,7.4,8.4,8.58,8.97,0.4,0.62,0.79,1.05,0.25,0.33,0.26,0.5,"11/03/2022, 23:07:56"
2022-01-31 00:00:00,7.63,8.48,8.77,9.09,0.4,0.7,0.79,1.14,0.25,0.42,0.26,0.59,"11/03/2022, 23:07:56"
2022-02-01 00:00:00,7.63,8.49,8.8,9.11,0.4,0.7,0.79,1.14,0.25,0.42,0.26,0.59,"11/03/2022, 23:07:56"
2022-02-02 00:00:00,7.63,8.49,8.8,9.11,0.4,0.7,0.79,1.14,0.25,0.42,0.26,0.59,"11/03/2022, 23:07:56"
2022-02-03 00:00:00,7.63,8.49,8.8,9.11,0.4,0.7,0.79,1.14,0.25,0.42,0.26,0.59,"11/03/2022, 23:07:56"
2022-02-04 00:00:00,7.63,8.49,8.8,9.11,0.4,0.7,0.79,1.14,0.25,0.42,0.26,0.59,"11/03/2022, 23:07:56"
2022-02-07 00:00:00,7.63,8.49,8.8,9.11,0.4,0.7,0.79,1.14,0.25,0.42,0.26,0.59,"11/03/2022, 23:07:56"
2022-02-08 00:00:00,7.63,8.49,8.8,9.11,0.4,0.7,0.79,1.14,0.25,0.42,0.26,0.59,"11/03/2022, 23:07:56"
2022-02-09 00:00:00,7.63,8.49,8.8,9.11,0.4,0.7,0.79,1.14,0.25,0.42,0.26,0.59,"11/03/2022, 23:07:56"
2022-02-10 00:00:00,7.63,8.49,8.8,9.11,0.4,0.69,0.77,1.13,0.25,0.42,0.26,0.59,"11/03/2022, 23:07:56"
2022-02-11 00:00:00,7.63,8.53,8.8,9.11,0.4,0.72,0.82,1.19,0.25,0.42,0.26,0.61,"11/03/2022, 23:07:56"
2022-02-14 00:00:00,7.63,8.53,8.8,9.11,0.4,0.72,0.82,1.19,0.25,0.42,0.26,0.61,"11/03/2022, 23:07:56"
2022-02-15 00:00:00,7.63,8.46,8.8,9.11,0.4,0.72,0.82,1.19,0.25,0.42,0.26,0.61,"11/03/2022, 23:07:56"
2022-02-16 00:00:00,7.63,8.46,8.8,9.11,0.4,0.72,0.82,1.19,0.25,0.42,0.26,0.61,"11/03/2022, 23:07:56"
2022-02-17 00:00:00,7.63,8.46,8.8,9.11,0.4,0.72,0.82,1.19,0.25,0.42,0.26,0.61,"11/03/2022, 23:07:56"
2022-02-18 00:00:00,7.76,8.59,8.91,9.17,0.42,0.77,0.84,1.22,0.25,0.43,0.26,0.61,"11/03/2022, 23:07:56"
2022-02-21 00:00:00,7.76,8.59,8.91,9.17,0.42,0.77,0.84,1.22,0.25,0.43,0.26,0.61,"11/03/2022, 23:07:56"
2022-02-22 00:00:00,7.76,8.59,8.91,9.17,0.42,0.77,0.84,1.22,0.25,0.43,0.26,0.61,"11/03/2022, 23:07:56"
2022-02-23 00:00:00,7.76,8.59,8.91,9.17,0.42,0.77,0.84,1.22,0.25,0.43,0.26,0.61,"11/03/2022, 23:07:56"
2022-02-24 00:00:00,7.36,8.36,8.91,8.93,0.47,0.67,0.84,1.09,0.17,0.24,0.26,0.32,"11/03/2022, 23:07:56"
2022-02-25 00:00:00,7.36,8.36,8.91,8.93,0.17,0.24,0.26,0.32,0.47,0.67,0.84,1.09,"11/03/2022, 23:07:56"
2022-02-28 00:00:00,7.36,8.36,8.91,8.93,0.17,0.24,0.26,0.32,0.47,0.67,0.84,1.09,"11/03/2022, 23:07:56"
2022-03-01 00:00:00,7.36,8.36,8.91,8.93,0.47,0.67,0.84,1.09,0.17,0.24,0.26,0.32,"11/03/2022, 23:07:56"
2022-03-02 00:00:00,7.36,8.36,8.91,8.93,0.47,0.67,0.84,1.09,0.17,0.24,0.26,0.32,"11/03/2022, 23:07:56"
2022-03-03 00:00:00,7.36,8.36,8.91,8.93,0.47,0.67,0.84,1.09,0.17,0.24,0.26,0.32,"11/03/2022, 23:07:56"
2022-03-04 00:00:00,7.36,8.36,8.91,8.93,0.47,0.67,0.84,1.09,0.17,0.24,0.26,0.32,"11/03/2022, 23:07:56"
2022-03-07 00:00:00,7.36,8.36,8.91,8.93,0.47,0.67,0.84,1.09,0.17,0.24,0.26,0.32,"11/03/2022, 23:07:56"
2022-03-08 00:00:00,7.36,8.36,8.91,8.93,0.47,0.67,0.84,1.09,0.17,0.24,0.26,0.32,"11/03/2022, 23:07:56"
2022-03-09 00:00:00,6.95,7.75,8.91,8.25,0.47,0.67,0.84,1.09,0.17,0.24,0.26,0.32,"11/03/2022, 23:07:56"
2022-03-10 00:00:00,6.95,7.75,8.91,8.25,0.47,0.67,0.84,1.09,0.17,0.24,0.26,0.32,"11/03/2022, 23:07:56"
2022-03-11 00:00:00,6.95,7.75,8.91,8.25,0.17,0.24,0.26,0.32,0.47,0.67,0.84,1.09,"11/03/2022, 23:07:56"
2022-03-12 00:00:00,6.95,7.75,8.91,8.25,0.17,0.24,0.26,0.32,0.47,0.67,0.84,1.09,"11/03/2022, 23:07:56"
2022-03-14 00:00:00,7.04,7.86,8.94,8.43,0.47,0.62,0.74,0.92,0.06,0.27,0.29,0.43,"11/03/2022, 23:07:56"
2022-03-15 00:00:00,7.88,8.56,8.94,9.22,0.39,0.66,0,0.99,0.08,0.32,0.29,0.5,"11/03/2022, 23:07:56"
2022-03-16 00:00:00,7.42,8.14,8.58,8.68,0.28,0.51,0.71,0.88,0.1,0.22,0.31,0.36,"11/03/2022, 23:07:56"
2022-03-17 00:00:00,7.21,7.99,8.58,8.5,0.28,0.42,0.71,0.77,0.1,0.19,0.31,0.28,"11/03/2022, 23:07:56"
2022-03-18 00:00:00,7.57,8.29,8.58,8.79,0.38,0.62,0,0.94,0.12,0.26,0,0.36,"11/03/2022, 23:07:56"
2022-03-21 00:00:00,7.05,7.86,8.39,8.31,0.32,0.46,0.79,0.81,0.11,0.21,0.34,0.29,"11/03/2022, 23:07:56"
2022-03-22 00:00:00,7.05,7.86,8.39,8.31,0.32,0.46,0.79,0.81,0.11,0.21,0.34,0.29,"11/03/2022, 23:07:56"
2022-03-23 00:00:00,7.46,8.21,8.64,8.75,0.38,0.46,0.69,0.76,0.12,0.19,0.27,0.25,"11/03/2022, 23:07:56"
2022-03-24 00:00:00,7.05,7.86,8.39,8.31,0.32,0.46,0.79,0.81,0.11,0.21,0.34,0.29,"11/03/2022, 23:07:56"
2022-03-25 00:00:00,7.47,8.22,8.58,8.8,0.3,0.47,0.71,0.8,0.11,0.21,0.31,0.34,"11/03/2022, 23:07:56"
2022-03-28 00:00:00,7.16,7.99,8.39,8.5,0.3,0.42,0.79,0.72,0.11,0.2,0.34,0.26,"11/03/2022, 23:07:56"
2022-03-29 00:00:00,7.27,8.09,8.35,8.63,0.3,0.51,0.79,0.83,0.11,0.22,0.34,0.35,"11/03/2022, 23:07:56"
2022-03-30 00:00:00,7.27,8.09,8.35,8.63,0.3,0.51,0.79,0.83,0.11,0.22,0.34,0.35,"11/03/2022, 23:07:56"
2022-03-31 00:00:00,7.38,8.17,8.54,8.75,0.3,0.47,0.71,0.8,0.11,0.2,0.31,0.34,"11/03/2022, 23:07:56"
2022-04-01 00:00:00,7.22,8.03,8.6,8.61,0.34,0.41,0.69,0.68,0.12,0.17,0.31,0.22,"11/03/2022, 23:07:56"
2022-04-04 00:00:00,7.38,8.18,8.5,8.73,0.38,0.61,0.86,0.89,0.12,0.21,0.31,0.3,"11/03/2022, 23:07:56"
2022-04-05 00:00:00,7.17,8.03,8.5,8.56,0.38,0.53,0.86,0.78,0.12,0.17,0.31,0.2,"11/03/2022, 23:07:56"
2022-04-06 00:00:00,6.94,7.82,8.46,8.33,0.33,0.48,0.85,0.78,0.11,0.17,0.3,0.24,"11/03/2022, 23:07:56"
2022-04-07 00:00:00,6.94,7.81,8.5,8.33,0.38,0.53,0.86,0.78,0.12,0.17,0.3,0.2,"11/03/2022, 23:07:56"
2022-04-08 00:00:00,6.94,7.81,8.5,8.33,0.38,0.53,0.86,0.78,0.12,0.17,0.3,0.2,"11/03/2022, 23:07:56"
2022-04-11 00:00:00,7.11,7.93,8.46,8.5,0.38,0.56,0.77,0.85,0.12,0.2,0.23,0.3,"11/03/2022, 23:07:56"
2022-04-12 00:00:00,6.81,7.7,8.29,8.23,0.33,0.45,0.77,0.76,0.11,0.16,0.28,0.24,"11/03/2022, 23:07:56"
2022-04-13 00:00:00,7.11,7.93,8.46,8.5,0.38,0.56,0.77,0.85,0.12,0.2,0.23,0.3,"11/03/2022, 23:07:56"
2022-04-14 00:00:00,7.13,7.93,8.4,8.48,0.38,0.61,0.86,0.89,0.12,0.21,0.23,0.3,"11/03/2022, 23:07:56"
2022-04-15 00:00:00,7.13,7.99,8.29,8.55,0.33,0.52,0.77,0.85,0.11,0.19,0.28,0.32,"11/03/2022, 23:07:56"
2022-04-18 00:00:00,6.49,7.37,8.08,7.85,0.24,0.41,0.74,0.73,0.11,0.18,0.34,0.29,"11/03/2022, 23:07:56"
2022-04-19 00:00:00,6.64,7.52,8.21,7.98,0.36,0.48,0.89,0.78,0.11,0.17,0.3,0.24,"11/03/2022, 23:07:56"
2022-04-20 00:00:00,6.54,7.51,7.96,8.02,0.36,0.54,0.89,0.83,0.11,0.21,0.3,0.32,"11/03/2022, 23:07:56"
2022-04-21 00:00:00,6.5,7.48,8.13,8.08,0.39,0.5,0.84,0.76,0.12,0.18,0.26,0.3,"11/03/2022, 23:07:56"
2022-04-22 00:00:00,6.53,7.51,8,8.04,0.33,0.51,0.84,0.83,0.1,0.21,0.3,0.34,"11/03/2022, 23:07:56"
2022-04-25 00:00:00,6.49,7.45,8,7.93,0.33,0.47,0.84,0.79,0.1,0.17,0.3,0.27,"11/03/2022, 23:07:56"
2022-04-26 00:00:00,6.53,7.58,8,8.1,0.33,0.51,0.84,0.83,0.1,0.21,0.3,0.34,"11/03/2022, 23:07:56"
2022-04-27 00:00:00,6.53,7.58,8,8.1,0.33,0.51,0.84,0.83,0.1,0.21,0.3,0.34,"11/03/2022, 23:07:56"
2022-04-28 00:00:00,6.4,7.35,8,7.84,0.33,0.47,0.84,0.79,0.1,0.17,0.3,0.27,"11/03/2022, 23:07:56"
2022-04-29 00:00:00,6.37,7.41,7.86,7.94,0.41,0.59,0.9,0.87,0.1,0.21,0.3,0.34,"11/03/2022, 23:07:56"
2022-05-02 00:00:00,6.26,7.26,7.86,7.87,0.38,0.56,0.9,0.84,0.09,0.19,0.3,0.31,"11/03/2022, 23:07:56"
2022-05-03 00:00:00,6.35,7.22,8,7.84,0.42,0.57,1.03,0.87,0.1,0.17,0.36,0.27,"11/03/2022, 23:07:56"
2022-05-04 00:00:00,6.29,7.25,7.88,7.88,0.34,0.52,0.84,0.8,0.1,0.19,0.26,0.29,"11/03/2022, 23:07:56"
2022-05-05 00:00:00,6.26,7.22,7.79,7.83,0.38,0.56,0.9,0.84,0.09,0.19,0.3,0.31,"11/03/2022, 23:07:56"
2022-05-06 00:00:00,6.2,7.08,7.79,7.69,0.38,0.52,0.9,0.8,0.09,0.16,0.3,0.24,"11/03/2022, 23:07:56"
2022-05-09 00:00:00,6.17,7.04,7.71,7.64,0.42,0.55,0.97,0.8,0.09,0.15,0.3,0.21,"11/03/2022, 23:07:56"
2022-05-10 00:00:00,6.16,7.12,7.63,7.75,0.42,0.59,0.97,0.84,0.09,0.19,0.3,0.29,"11/03/2022, 23:07:56"
2022-05-11 00:00:00,6.26,7.13,7.92,7.8,0.42,0.57,1.03,0.87,0.1,0.17,0.36,0.27,"11/03/2022, 23:07:56"
2022-05-12 00:00:00,6.12,6.99,7.71,7.65,0.38,0.52,0.9,0.8,0.09,0.16,0.3,0.24,"11/03/2022, 23:07:56"
2022-05-13 00:00:00,6.16,7.12,7.63,7.75,0.42,0.59,0.97,0.84,0.09,0.19,0.3,0.29,"11/03/2022, 23:07:56"
2022-05-16 00:00:00,6.14,7.05,7.47,7.64,0.36,0.53,0.8,0.78,0.08,0.17,0.26,0.29,"11/03/2022, 23:07:56"
2022-05-17 00:00:00,6.38,7.35,8.3,8.07,0.46,0.59,1.08,0.88,0.12,0.23,0.26,0.38,"11/03/2022, 23:07:56"
2022-05-18 00:00:00,5.87,6.8,7.39,7.54,0.32,0.49,0.77,0.7,0.06,0.12,0.24,0.24,"11/03/2022, 23:07:56"
2022-05-19 00:00:00,6.12,7.05,7.53,7.7,0.36,0.53,0.8,0.78,0.08,0.17,0.26,0.29,"11/03/2022, 23:07:56"
2022-05-20 00:00:00,6.2,7.17,7.53,7.75,0.38,0.55,0.8,0.8,0.09,0.19,0.26,0.31,"11/03/2022, 23:07:56"
2022-05-23 00:00:00,6.23,7.2,7.84,7.87,0.4,0.57,0.93,0.82,0.1,0.2,0.33,0.33,"11/03/2022, 23:07:56"
2022-05-24 00:00:00,6.23,7.2,7.84,7.87,0.4,0.57,0.93,0.82,0.1,0.2,0.33,0.33,"11/03/2022, 23:07:56"
2022-05-25 00:00:00,6.26,7.29,8.12,8,0.47,0.63,1.13,0.89,0.11,0.22,0.4,0.34,"11/03/2022, 23:07:56"
2022-05-26 00:00:00,6.2,7.14,8.14,7.82,0.43,0.57,0.93,0.85,0.11,0.19,0.34,0.29,"11/03/2022, 23:07:56"
2022-05-27 00:00:00,6.23,7.2,7.84,7.87,0.4,0.57,0.93,0.82,0.1,0.2,0.33,0.33,"11/03/2022, 23:07:56"
2022-05-30 00:00:00,6.23,7.2,7.84,7.87,0.4,0.6,0.74,0.82,0.1,0.21,0.3,0.33,"11/03/2022, 23:07:56"
2022-05-31 00:00:00,6.2,7.17,7.84,7.82,0.4,0.6,0.74,0.82,0.1,0.21,0.3,0.33,"11/03/2022, 23:07:56"
2022-06-01 00:00:00,6.23,7.2,7.84,7.87,0.4,0.6,0.74,0.82,0.1,0.21,0.3,0.33,"11/03/2022, 23:07:56"
2022-06-02 00:00:00,6.2,7.17,7.84,7.82,0.4,0.6,0.74,0.82,0.1,0.21,0.3,0.33,"11/03/2022, 23:07:56"
2022-06-03 00:00:00,6.33,7.32,8.14,7.95,0.46,0.66,0.93,0.88,0.12,0.23,0.34,0.32,"11/03/2022, 23:07:56"
2022-06-06 00:00:00,6.36,7.33,7.84,8.02,0.43,0.64,0.74,0.86,0.11,0.23,0.3,0.35,"11/03/2022, 23:07:56"
2022-06-07 00:00:00,6.18,7.1,7.9,7.73,0.4,0.57,0.74,0.78,0.1,0.18,0.3,0.27,"11/03/2022, 23:07:56"
2022-06-08 00:00:00,6.2,7.14,8.12,7.84,0.47,0.65,0.99,0.85,0.11,0.2,0.35,0.27,"11/03/2022, 23:07:56"
2022-06-09 00:00:00,6.2,7.13,7.9,7.79,0.4,0.57,0.74,0.78,0.1,0.18,0.3,0.27,"11/03/2022, 23:07:56"
2022-06-10 00:00:00,6.62,7.73,8.43,8.28,0.43,0.67,0.74,0.9,0.1,0.21,0.3,0.33,"11/03/2022, 23:07:56"
2022-06-13 00:00:00,6.63,7.74,8.43,8.27,0.43,0.67,0.74,0.9,0.1,0.21,0.3,0.33,"11/03/2022, 23:07:56"
2022-06-14 00:00:00,6.63,7.74,8.43,8.27,0.43,0.67,0.74,0.9,0.1,0.21,0.3,0.33,"11/03/2022, 23:07:56"
2022-06-15 00:00:00,6.43,7.47,7.78,8.07,0.47,0.7,0.89,0.9,0.1,0.21,0.3,0.31,"11/03/2022, 23:07:56"
2022-06-16 00:00:00,6.62,7.73,8.43,8.28,0.43,0.67,0.74,0.9,0.1,0.21,0.3,0.33,"11/03/2022, 23:07:56"
2022-06-17 00:00:00,6.62,7.73,8.43,8.28,0.41,0.63,0.88,0.88,0.1,0.22,0.38,0.36,"11/03/2022, 23:07:56"
2022-06-20 00:00:00,6.83,7.48,7.99,8.01,0.41,0.6,0.88,0.88,0.1,0.22,0.38,0.36,"11/03/2022, 23:07:56"
2022-06-21 00:00:00,7.39,7.39,8,7.85,0.37,0.53,0.73,0.8,0.09,0.16,0.31,0.26,"11/03/2022, 23:07:56"
2022-06-22 00:00:00,7.42,7.49,7.97,8.04,0.37,0.55,0.72,0.83,0.09,0.19,0.31,0.32,"11/03/2022, 23:07:56"
2022-06-23 00:00:00,7.3,7.22,7.97,7.81,0.36,0.52,0.72,0.78,0.1,0.21,0.31,0.35,"11/03/2022, 23:07:56"
2022-06-24 00:00:00,7.49,7.49,7.97,8,0.37,0.55,0.72,0.83,0.09,0.19,0.31,0.32,"11/03/2022, 23:07:56"
2022-06-27 00:00:00,8.06,7.79,8.14,8.25,0.43,0.56,0.71,0.85,0.11,0.22,0.36,0.37,"11/03/2022, 23:07:56"
2022-06-28 00:00:00,7.98,7.94,8.69,8.48,0.37,0.55,0.72,0.83,0.09,0.19,0.31,0.32,"11/03/2022, 23:07:56"
2022-06-29 00:00:00,8.32,8.13,9.14,8.67,0.4,0.6,0.82,0.9,0.1,0.21,0.36,0.35,"11/03/2022, 23:07:56"
2022-06-30 00:00:00,8.09,7.9,8.69,8.48,0.33,0.52,0.72,0.78,0.09,0.16,0.31,0.3,"11/03/2022, 23:07:56"
2022-07-01 00:00:00,8.05,7.94,8.69,8.48,0.37,0.55,0.72,0.83,0.09,0.19,0.31,0.32,"11/03/2022, 23:07:56"
2022-07-04 00:00:00,8.44,8.26,8.69,8.77,0.45,0.63,0.72,0.91,0.09,0.19,0.31,0.32,"11/03/2022, 23:07:56"
2022-07-05 00:00:00,8.44,8.26,8.69,8.77,0.45,0.63,0.72,0.91,0.09,0.19,0.31,0.32,"11/03/2022, 23:07:56"
2022-07-06 00:00:00,8.44,8.26,8.69,8.77,0.45,0.63,0.72,0.91,0.09,0.19,0.31,0.32,"11/03/2022, 23:07:56"
2022-07-07 00:00:00,8.44,8.26,8.69,8.77,0.45,0.63,0.72,0.91,0.09,0.19,0.31,0.32,"11/03/2022, 23:07:56"
2022-07-08 00:00:00,8.44,8.26,8.69,8.77,0.45,0.63,0.72,0.91,0.09,0.19,0.31,0.32,"11/03/2022, 23:07:56"
2022-07-11 00:00:00,8.62,8.44,8.69,8.77,0.45,0.63,0.72,0.91,0.09,0.19,0.31,0.32,"11/03/2022, 23:07:56"
2022-07-12 00:00:00,8.76,8.65,8.69,8.88,0.45,0.63,0.72,0.91,0.09,0.19,0.31,0.32,"11/03/2022, 23:07:56"
2022-07-13 00:00:00,8.9,8.7,8.71,8.87,0.36,0.56,0.61,0.84,0.07,0.16,0.28,0.26,"11/03/2022, 23:07:56"
2022-07-14 00:00:00,8.76,8.65,8.69,8.88,0.45,0.63,0.72,0.91,0.09,0.19,0.31,0.32,"11/03/2022, 23:07:56"
2022-07-15 00:00:00,8.51,8.32,8.07,8.56,0.44,0.61,0.68,0.84,0.07,0.16,0.24,0.26,"11/03/2022, 23:07:56"
2022-07-18 00:00:00,8.93,8.74,8.69,8.9,0.45,0.63,0.72,0.91,0.09,0.19,0.31,0.32,"11/03/2022, 23:07:56"
2022-07-19 00:00:00,8.76,8.76,8.69,8.98,0.45,0.63,0.72,0.91,0.09,0.19,0.31,0.32,"11/03/2022, 23:07:56"
2022-07-20 00:00:00,8.76,8.76,8.69,8.98,0.45,0.63,0.72,0.91,0.09,0.19,0.31,0.32,"11/03/2022, 23:07:56"
2022-07-21 00:00:00,8.82,8.78,9.06,9.13,0.45,0.6,0.72,0.88,0.09,0.16,0.31,0.26,"11/03/2022, 23:07:56"
2022-07-22 00:00:00,8.98,9.01,9.06,9.2,0.45,0.63,0.72,0.91,0.09,0.19,0.31,0.32,"11/03/2022, 23:07:56"
2022-07-25 00:00:00,8.15,8.7,9.57,9.25,0.45,0.61,0.81,0.9,0.1,0.14,0.36,0.26,"11/03/2022, 23:07:56"
2022-07-26 00:00:00,9.2,8.97,9.06,9.48,0.41,0.53,0.72,0.8,0.09,0.13,0.31,0.26,"11/03/2022, 23:07:56"
2022-07-27 00:00:00,9.05,8.82,8.5,9.13,0.44,0.53,0.68,0.78,0.07,0.13,0.24,0.21,"11/03/2022, 23:07:56"
2022-07-28 00:00:00,9.26,9.12,9.06,9.41,0.45,0.56,0.72,0.85,0.09,0.16,0.31,0.28,"11/03/2022, 23:07:56"
2022-07-29 00:00:00,9.37,9.1,9,9.4,0.48,0.58,0.79,0.85,0.08,0.14,0.28,0.23,"11/03/2022, 23:07:56"
2022-08-01 00:00:00,9.63,9.45,9.47,9.93,0.45,0.56,0.72,0.85,0.09,0.16,0.31,0.28,"11/03/2022, 23:07:56"
2022-08-02 00:00:00,9.67,9.37,9.18,9.81,0.41,0.53,0.64,0.82,0.09,0.16,0.28,0.26,"11/03/2022, 23:07:56"
2022-08-03 00:00:00,9.4,9.26,9.06,9.7,0.45,0.56,0.72,0.85,0.09,0.16,0.31,0.28,"11/03/2022, 23:07:56"
2022-08-04 00:00:00,9.48,9.26,9.06,9.7,0.45,0.56,0.72,0.85,0.09,0.16,0.31,0.28,"11/03/2022, 23:07:56"
2022-08-05 00:00:00,9.48,9.26,9.06,9.7,0.45,0.56,0.72,0.85,0.09,0.16,0.31,0.28,"11/03/2022, 23:07:56"
2022-08-08 00:00:00,9.7,9.45,9.47,9.93,0.41,0.56,0.72,0.85,0.09,0.16,0.31,0.28,"11/03/2022, 23:07:56"
2022-08-09 00:00:00,9.7,9.45,9.47,9.93,0.41,0.56,0.72,0.85,0.09,0.16,0.31,0.28,"11/03/2022, 23:07:56"
2022-08-10 00:00:00,9.8,9.57,9.47,10.11,0.41,0.56,0.72,0.85,0.09,0.16,0.31,0.28,"11/03/2022, 23:07:56"
2022-08-11 00:00:00,9.88,9.71,9.72,10.11,0.41,0.56,0.72,0.85,0.09,0.16,0.31,0.28,"11/03/2022, 23:07:56"
2022-08-12 00:00:00,9.95,9.79,9.84,10.18,0.41,0.56,0.72,0.85,0.09,0.16,0.31,0.28,"11/03/2022, 23:07:56"
2022-08-15 00:00:00,10.15,9.79,9.46,10.08,0.32,0.48,0.61,0.78,0.07,0.13,0.28,0.21,"11/03/2022, 23:07:56"
2022-08-16 00:00:00,9.95,9.79,9.84,10.18,0.45,0.6,0.78,0.89,0.09,0.16,0.38,0.28,"11/03/2022, 23:07:56"
2022-08-17 00:00:00,9.95,9.79,9.84,10.18,0.45,0.6,0.78,0.89,0.09,0.16,0.38,0.28,"11/03/2022, 23:07:56"
2022-08-18 00:00:00,9.95,9.79,9.84,10.18,0.45,0.6,0.78,0.89,0.09,0.16,0.38,0.28,"11/03/2022, 23:07:56"
2022-08-19 00:00:00,9.95,9.79,9.84,10.18,0.45,0.6,0.78,0.89,0.09,0.16,0.38,0.28,"11/03/2022, 23:07:56"
2022-08-22 00:00:00,10.63,10.33,10.46,10.67,0.57,0.74,1.01,1.03,0.1,0.17,0.44,0.3,"11/03/2022, 23:07:56"
2022-08-23 00:00:00,9.75,9.6,9.68,10,0.42,0.57,0.72,0.84,0.07,0.13,0.24,0.21,"11/03/2022, 23:07:56"
2022-08-24 00:00:00,10.13,10,10.22,10.39,0.51,0.68,0.88,0.95,0.09,0.16,0.38,0.28,"11/03/2022, 23:07:56"
2022-08-25 00:00:00,10.4,10.19,10.22,10.54,0.51,0.68,0.88,0.95,0.09,0.16,0.38,0.28,"11/03/2022, 23:07:56"
2022-08-26 00:00:00,10.13,10,10.22,10.39,0.51,0.68,0.88,0.95,0.09,0.16,0.38,0.28,"11/03/2022, 23:07:56"
2022-08-29 00:00:00,10.13,10,10.22,10.39,0.51,0.68,0.88,0.95,0.09,0.16,0.38,0.28,"11/03/2022, 23:07:56"
2022-08-30 00:00:00,10.13,10,10.22,10.39,0.51,0.68,0.88,0.95,0.09,0.16,0.38,0.28,"11/03/2022, 23:07:56"
2022-08-31 00:00:00,10.13,10,10.22,10.39,0.51,0.68,0.88,0.95,0.09,0.16,0.38,0.28,"11/03/2022, 23:07:56"
2022-09-01 00:00:00,10.13,10,10.22,10.39,0.51,0.68,0.88,0.95,0.09,0.16,0.38,0.28,"11/03/2022, 23:07:56"
2022-09-02 00:00:00,10.13,10,10.22,10.39,0.51,0.68,0.88,0.95,0.09,0.16,0.38,0.28,"11/03/2022, 23:07:56"
2022-09-05 00:00:00,10.58,10.35,10.47,10.69,0.51,0.68,0.88,0.95,0.09,0.18,0.4,0.3,"11/03/2022, 23:07:56"
2022-09-06 00:00:00,10.63,11,10.47,10.68,0.51,0.68,0.88,0.95,0.09,0.18,0.4,0.3,"11/03/2022, 23:07:56"
2022-09-07 00:00:00,10.7,11.07,10.59,10.75,0.51,0.68,0.88,0.95,0.09,0.18,0.4,0.3,"11/03/2022, 23:07:56"
2022-09-08 00:00:00,10.7,11.07,10.59,10.75,0.51,0.68,0.88,0.95,0.09,0.18,0.4,0.3,"11/03/2022, 23:07:56"
2022-09-09 00:00:00,10.37,11.5,11.32,11.12,0.56,0.73,0.99,1.03,0.1,0.19,0.47,0.32,"11/03/2022, 23:07:56"
2022-09-12 00:00:00,10.7,11.07,10.59,10.75,0.51,0.68,0.88,0.95,0.09,0.18,0.4,0.3,"11/03/2022, 23:07:56"
2022-09-13 00:00:00,10.6,10.92,10.25,10.58,0.47,0.62,0.79,0.84,0.07,0.15,0.27,0.23,"11/03/2022, 23:07:56"
2022-09-14 00:00:00,10.7,11.07,10.59,10.75,0.51,0.68,0.88,0.95,0.09,0.18,0.4,0.3,"11/03/2022, 23:07:56"
2022-09-15 00:00:00,10.95,11.32,10.59,11,0.51,0.68,0.88,0.95,0.09,0.18,0.4,0.3,"11/03/2022, 23:07:56"
2022-09-16 00:00:00,11.19,11.42,10.11,11.04,0.55,0.67,0.89,0.93,0.1,0.19,0.47,0.32,"11/03/2022, 23:07:56"
2022-09-19 00:00:00,10.95,11.32,10.59,11,0.51,0.68,0.88,0.95,0.09,0.18,0.4,0.3,"11/03/2022, 23:07:56"
2022-09-20 00:00:00,10.95,11.32,10.59,11,0.51,0.68,0.88,0.95,0.09,0.18,0.4,0.3,"11/03/2022, 23:07:56"
2022-09-21 00:00:00,11.18,11.5,10.59,11.12,0.56,0.72,0.88,1.01,0.1,0.19,0.4,0.31,"11/03/2022, 23:07:56"
2022-09-22 00:00:00,10.95,11.32,10.59,11,0.51,0.68,0.88,0.95,0.09,0.18,0.4,0.3,"11/03/2022, 23:07:56"
2022-09-23 00:00:00,10.95,11.32,10.59,11,0.51,0.68,0.88,0.95,0.09,0.18,0.4,0.3,"11/03/2022, 23:07:56"
2022-09-26 00:00:00,10.95,11.32,10.59,11,0.51,0.68,0.88,0.95,0.09,0.18,0.4,0.3,"11/03/2022, 23:07:56"
2022-09-27 00:00:00,10.95,11.19,10.59,11,0.52,0.66,0.88,0.91,0.1,0.19,0.4,0.32,"11/03/2022, 23:07:56"
2022-09-28 00:00:00,10.95,11.32,10.59,11.29,0.52,0.68,0.88,0.95,0.09,0.18,0.4,0.3,"11/03/2022, 23:07:56"
2022-09-29 00:00:00,10.95,11.32,10.59,11.29,0.51,0.68,0.88,0.95,0.09,0.18,0.4,0.3,"11/03/2022, 23:07:56"
2022-09-30 00:00:00,11.29,11.62,10.59,11.5,0.51,0.68,0.88,0.95,0.09,0.18,0.4,0.3,"11/03/2022, 23:07:56"
2022-10-03 00:00:00,10.95,11.32,10.59,11.29,0.5,0.66,0.79,0.9,0.08,0.16,0.38,0.27,"11/03/2022, 23:07:56"
2022-10-04 00:00:00,11.02,10.39,10.72,11.36,0.5,0.66,0.79,0.9,0.08,0.16,0.38,0.27,"11/03/2022, 23:07:56"
2022-10-05 00:00:00,11.02,11.39,10.72,11.36,0.5,0.66,0.79,0.9,0.08,0.16,0.38,0.27,"11/03/2022, 23:07:56"
2022-10-06 00:00:00,11.37,11.69,10.72,11.58,0.5,0.66,0.79,0.9,0.08,0.16,0.38,0.27,"11/03/2022, 23:07:56"
2022-10-07 00:00:00,11.02,11.39,10.72,11.36,0.5,0.66,0.79,0.9,0.08,0.16,0.38,0.27,"11/03/2022, 23:07:56"
2022-10-10 00:00:00,11.02,11.39,10.72,11.36,0.5,0.66,0.79,0.9,0.08,0.16,0.38,0.27,"11/03/2022, 23:07:56"
2022-10-11 00:00:00,11.1,11.42,10.72,11.58,0.48,0.63,0.79,0.85,0.08,0.13,0.38,0.25,"11/03/2022, 23:07:56"
2022-10-12 00:00:00,10.95,11.27,10.39,11.23,0.45,0.6,0.69,0.78,0.06,0.13,0.24,0.21,"11/03/2022, 23:07:56"
2022-10-13 00:00:00,11.25,11.38,11.46,11.77,0.55,0.71,0.9,0.98,0.09,0.18,0.44,0.3,"11/03/2022, 23:07:56"
2022-10-14 00:00:00,11.02,11.39,10.72,11.36,0.5,0.66,0.79,0.9,0.08,0.16,0.38,0.27,"11/03/2022, 23:07:56"
2022-10-17 00:00:00,11.02,11.39,10.72,11.68,0.5,0.66,0.79,0.9,0.08,0.16,0.38,0.27,"11/03/2022, 23:07:56"
2022-10-18 00:00:00,11.02,11.39,10.72,11.68,0.5,0.66,0.79,0.9,0.08,0.16,0.38,0.27,"11/03/2022, 23:07:56"
2022-10-19 00:00:00,10.61,11.71,11.21,12.04,0.49,0.64,0.79,0.85,0.06,0.14,0.28,0.23,"11/03/2022, 23:07:56"
2022-10-20 00:00:00,10.74,11.07,10.16,11.39,0.43,0.63,0.79,0.88,0.05,0.14,0.31,0.27,"11/03/2022, 23:07:56"
2022-10-21 00:00:00,11.02,11.39,10.72,11.68,0.5,0.66,0.79,0.9,0.08,0.16,0.38,0.27,"11/03/2022, 23:07:56"
2022-10-24 00:00:00,11.02,11.39,10.72,11.68,0.5,0.66,0.79,0.9,0.08,0.16,0.38,0.27,"11/03/2022, 23:07:56"
2022-10-25 00:00:00,11.02,11.39,10.72,11.68,0.42,0.56,0.79,0.9,0.06,0.13,0.38,0.27,"11/03/2022, 23:07:56"
2022-10-26 00:00:00,11.06,11.38,10.54,11.62,0.42,0.6,0.89,0.97,0.06,0.13,0.38,0.27,"11/03/2022, 23:07:56"
2022-10-27 00:00:00,11.02,11.39,10.72,11.68,0.42,0.56,0.79,0.9,0.06,0.13,0.38,0.27,"11/03/2022, 23:07:56"
2022-10-28 00:00:00,11.19,11.46,10.39,11.75,0.49,0.63,0.69,0.83,0.06,0.14,0.24,0.22,"11/03/2022, 23:07:56"
2022-10-31 00:00:00,10.94,11.17,9.96,11.5,0.45,0.58,0.9,0.95,0.07,0.14,0.44,0.3,"11/03/2022, 23:07:56"
2022-11-01 00:00:00,11.09,11.43,10.72,11.68,0.42,0.56,0.79,0.9,0.06,0.13,0.38,0.27,"11/03/2022, 23:07:56"
2022-11-02 00:00:00,11.09,11.43,10.72,11.68,0.42,0.56,0.79,0.9,0.06,0.13,0.38,0.27,"11/03/2022, 23:07:56"
2022-11-03 00:00:00,11.09,11.43,10.72,11.68,0.42,0.56,0.79,0.9,0.06,0.13,0.38,0.27,"11/03/2022, 23:07:56"
Recalculated on 01.04.2022,,,,,,,,,,,,,"11/03/2022, 23:07:56"
