до змісту,Unnamed: 1,0,0.1,0.2,0.3,0.4,0.5,0.6,0.7,0.8,0.9,0.10,0.11,0.12,0.13,0.14,0.15,0.16,0.17,0.18,0.19,0.20,0.21,0.22,0.23,0.24,0.25,0.26,0.27,0.28,0.29,0.30,0.31,0.32,0.33,0.34,0.35,0.36,0.37,0.38,0.39,0.40,0.41,0.42,0.43,0.44,0.45,0.46,0.47,0.48,0.49,0.50,0.51,0.52,0.53,0.54,0.55,0.56,0.57,0.58,0.59,0.60,0.61,0.62,0.63,0.64,0.65,0.66,0.67,0.68,0.69,0.70,0.71,0.72,0.73,0.74,0.75,0.76,0.77,0.78,0.79,0.80,0.81,0.82,0.83,0.84,0.85,0.86,0.87,0.88,0.89,0.90,0.91,0.92,0.93,0.94,0.95,0.96,Unnamed: 99,Unnamed: 100,Unnamed: 101,Unnamed: 102,Unnamed: 103,Unnamed: 104,Unnamed: 105,Unnamed: 106,Unnamed: 107,Unnamed: 108,Unnamed: 109,Unnamed: 110,Unnamed: 111,Unnamed: 112,Unnamed: 113,Unnamed: 114,Unnamed: 115,Unnamed: 116,Unnamed: 117,Unnamed: 118,Unnamed: 119,Unnamed: 120,Unnamed: 121,Unnamed: 122,Unnamed: 123,Unnamed: 124,Unnamed: 125,Unnamed: 126,Unnamed: 127,Unnamed: 128,Unnamed: 129,Unnamed: 130,Unnamed: 131,Unnamed: 132,Unnamed: 133,Unnamed: 134,Unnamed: 135,Unnamed: 136,Unnamed: 137,Unnamed: 138,Unnamed: 139,Unnamed: 140,Unnamed: 141,Unnamed: 142,Unnamed: 143,Unnamed: 144,Unnamed: 145,Unnamed: 146,retrieved
ЗА КЛАСИФІКАЦІЄЮ ФІНАНСУВАННЯ БЮДЖЕТУ ЗА ТИПОМ КРЕДИТОРА,Фінансування (дефіцит «+» / профіцит «-») **,,-909.3817245900062,-5024.826149460001,712.3478903599948,2916.206829649994,-146.18075957000445,11711.483424799993,8145.235201469995,2104.5934227900048,3097.3313581899947,8040.252755030003,7534.722219529999,23057.888697740007,-2068.7014009900004,-4758.632654710002,711.8372318500005,6384.172291689993,4803.094513069994,9742.665983119989,18868.238632639997,14832.94157552998,21262.400411739996,29184.21646096,33914.659700710006,50785.690728730006,615.3835683500004,1282.516753119996,5682.777413160007,18882.54781147,21711.698467240003,28039.03466432001,34227.53569974999,34625.61442338,33826.3668628,37093.9632516,40835.88540739,63590.29826771,55.165817479999305,2408.125667209994,-496.94577882999323,2857.583978739989,7970.36982127,20776.51629456001,28020.583077609994,28634.326373490007,32894.16471232,46158.29698550998,53126.976877329995,72030.4590132,2555.374329499998,271.97012190999175,-13969.68164323999,-18493.378018620002,-19393.54173697,-12270.570049350006,-15391.942670839997,-28308.955173909973,-32508.880271549988,-26791.81034226999,-19969.485169289994,30898.246262079956,-9023.147686849989,-9870.175594040007,-3869.163254090003,5076.5959918300205,3778.468104020007,11279.468209470011,22883.491045,11288.089841430019,31692.781075589995,26865.957979290004,9987.80742689,54813.90587064,-25017.554660859998,-17980.16792384,-4005.319693709999,-38590.32785381,-50478.72896567999,-52141.73318822,-52820.267998539995,-68645.7428997,-41632.48541884999,-31232.206195530038,-33916.81972460003,42125.72630664005,-20514.523982759983,-15268.289322020006,2989.9365640200062,-33.20247812997818,-14584.080478099975,-10465.961939440296,-7517.336727709988,-34356.360185440986,-14539.311987229998,-14425.220997339522,-22001.49070015995,67791.79305399003,399.36724416000476,-4718.167781519987,8959.577224049986,-17623.432440509983,-33860.358425209975,-21059.939779549997,-22733.75655262999,-35367.43477403995,-8758.075792990003,643.0869598096066,6882.015699669981,87264.19130159997,3072.8638296399995,2547.7066283800127,17370.93383717,10659.782674199996,31977.62354132,3398.961005949997,32067.118704290002,15116.31981153,59019.684398720005,89437.30247239,94695.97022747,224458.84660276998,-6748.22900269,3287.5415244299998,6314.80295885,8075.73062188,4904.39668178,14539.16438683,18401.85375913,-34535.947002529996,-2520.1530896599998,5875.58121663,12246.25716639,186908.27588576998,-30674.569032810003,-48370.7055347,31311.48532756,115673.61520002999,214962.50258610997,349031.42202309996,344289.81712196005,337099.39148598997,407420.41798687,546517.69378265,712131.68170448,,"01/05/2023, 16:39:07"
,Внутрішнє фінансування,200000,-1738.2605029300062,-17430.50756663,-6202.254545460005,-3501.1759635700064,-6549.485949740005,-5317.779968450007,-9621.841009300002,-15714.170939219997,-14992.071112010006,-10005.549805949997,-11005.464998740003,8556.263435130006,-1989.1522349200004,-4596.314275660002,1568.8643851500005,7203.380986679993,5814.7287522699935,22595.11811291999,14687.850087299996,12359.666348499983,13890.261755290001,21959.501413449998,23683.960473960004,40081.46096457,429.1732100800004,-2340.1685353900043,2602.5192398500085,6226.222828370001,13779.867361680004,28035.73957499001,34100.147959849994,34672.99365760999,32551.321209349997,36025.55278742,42400.23497065,49691.76103966,342.3617980099993,2855.930979939994,838.1955186700068,4403.52103325999,-33669.14517951,-17336.14770354,-8464.348007510012,-1043.1896012099944,-17326.53572182,-4747.974936420017,-738.4375442100144,29855.52057698999,3262.430610579998,1677.3494395599919,-66666.07150122999,-78442.79208328,-97277.86203857999,-91575.04300446,-106197.30256738998,-126610.91713901998,-141911.47987945998,-138032.13575386,-130942.76582466,-78752.86741268,-8004.049033809989,-9035.174952910005,-11294.903755890004,-2733.9380817299807,-3125.7448268999938,3736.266922230011,15847.095098909997,4664.887970070019,-436.738746170002,-4949.665939599999,-21407.915315399987,21551.82971446,-24238.795399159997,-16912.91850638,-2797.2483526099986,-53473.894273519996,-64193.556912559994,-66293.61432417,-65988.11047595,-75463.55513629998,-85706.59965715998,-75156.20099350002,-72943.63900339004,5142.599550070026,-19200.622834729984,-6795.895057790007,11362.078731440006,11861.03071502,4547.66360745002,10566.453155269699,13485.96175242001,-22871.623483410986,-3506.931778329998,-2971.654586959526,-46487.86345538995,22958.542534690034,1436.8249030400048,-2820.444605449987,-7727.033795030014,-35014.50324011998,-18187.079704809974,-33169.89222203,-34789.49846924999,-46269.357045900004,6183.509314479996,9225.713412529602,16418.162656009972,90878.12635453999,-30384.68928261,-29466.478845549987,-10466.607723909998,-16395.865739640005,31599.00765114,-62529.16991710999,-49516.435803980006,-64510.40667715,16445.85142335,47451.272954650005,50721.71647521,128358.09441514,-5992.29899357,6384.5101472100005,19048.982151919998,-14065.58631701,-17948.05445746,-11887.97205767,-21395.68004286,-73433.38702428,-21931.692035189997,-28976.15055961,-49721.085286019996,77176.81521189,-30052.76122203,-42203.09876758,-58929.707449769994,7087.569629899999,80298.36556691,154549.70263892002,150467.24907562,85851.60437228,138799.77713238,125920.20570166,198685.08029923998,,"01/05/2023, 16:39:07"
,Фінансування за рахунок позик банківських установ,202000,-0.033333339999999996,4.3850923,-28.94470502,-29.128253450000003,-29.503345789999997,-25.157476410000005,65.74318926,64.90985592,31.013391969999997,30.180058640000002,-46.58260803,-1.233791050000012,39.33287328,7.287000159999996,40.191409539999995,35.51140953999999,35.51140953999999,1.3973109199999942,-249.65365708000002,-248.60480848000003,-282.7189071,-283.76987510000004,-284.82084310000005,-321.03475832,-221.050968,-232.101936,-272.42603462,-308.66700262,-309.71797062,-343.83206924,-344.88303724,-345.93400524000003,-380.04810386,-381.09907186000004,-382.15003986,-416.26413848000004,-81.050968,-151.781936,-224.89603462,-265.94700262,-311.99797062,-350.11206924,-351.16303724,-356.41786924,-393.18753886,-393.18753886,-393.18753886,-426.25066948,-33.12,-33.12,-66.18313062,-66.18313062,-66.18313062,-99.24626124000001,-99.24626124000001,-99.24626124000001,-132.30939186,-132.30939186,-132.30939186,-165.37252248000001,0,0,-33.06313062,-33.06313062,-33.06313062,-66.12626124,-66.12626124,-66.12626124,-99.18939186,-99.18939186,-99.18939186,-132.25252248,0,0,-33.06313062,-33.06313062,-33.06313062,-66.12626124,-66.12626124,-302.58526124,-302.58526124,-335.64839186,-335.64839186,137.29632029999996,18.09197744,33.5935447,98.99544470000001,74.21519923,80.88477361999999,76.23702031,290.16755421,544.5791643700001,768.2431103600001,814.98458432,930.8176457399999,1316.22234756,-105.81962956999999,-115.57336765000001,-88.84021996999999,-81.64948145000002,-124.14762242000002,-93.21472296,-118.39804570000001,-40.31506267000001,254.51747783,839.11218684,1146.07623729,1792.88976123,-226.152142,-305.18701674,-369.55505588,-195.40614643,-10.88963261000001,337.46319045000007,622.07927675,881.5436027999999,1409.5232166199999,1641.49579556,1983.29308333,2727.84206863,-208.63053575,-448.89747038999997,-461.08020876999996,-706.16284065,-763.2354915,-349.99485741,-64.42951258,673.64102384,1034.2670051799998,1508.37981128,2909.5453686,4680.936910949999,-212.38852599,-570.5668581599999,-854.20107052,-858.84626228,-963.16326011,-1475.0318536,-1991.7567828699998,-2094.2580616,-3190.2103555999997,-3824.30363183,-4115.1193162399995,,"01/05/2023, 16:39:07"
,Інше внутрішнє фінансування,203000,-354.25783669,10.470617139999925,2349.221009199999,13078.74433304,13323.725941819997,23912.00392013,20117.924072650007,15874.819220140002,10622.382821179997,14181.964692250003,17988.88969114,22395.660673490005,674.4002515600001,2741.8402425699996,15743.492525610001,19159.391825600003,23705.351066749994,35506.783327729994,36306.52670795,35450.69488166998,33381.76605452,33378.31242422,40550.969300130004,35803.60020072,11080.441113189998,18383.19090132,28597.491030200003,34590.34907499,41992.52129107,49257.097944090005,55329.82755167,51974.60611609,55951.71925542,55464.73052103,60520.8611232,71939.53990746001,1308.8284171299997,12917.37843192,12568.665971350003,16591.993589879996,28588.212683470003,28487.678712170004,34558.10658192999,84287.91202686999,107051.74087745999,113832.92096377998,116729.87794438998,158502.75539059,6171.13290802,15567.269372929999,4150.46485607,-1518.0594482399943,-13118.328429919993,2842.300417720004,1456.6750064100063,1298.0697118700061,1664.743263940003,2756.2509776400034,4671.325397030003,5317.132253480004,2042.3429557299987,26036.892887109996,15955.156652419999,34106.08388409,39225.30959550999,38031.65645626999,32900.961787680004,36726.48247008,34171.802071549995,27042.574163199988,17107.326625300007,141244.99632386,225.7635725,18027.278071009998,29657.65339545,23635.792850440004,19939.923050810004,12262.077912829998,23304.05782831,29828.87543678001,31325.47427560001,35821.544668249975,46505.24307033997,78367.71527884003,-8337.234086409999,-4603.089019320003,2219.120779960003,-787.0211213999949,1517.8079695400038,3853.3064189799907,-1456.3503870900006,3080.116429770012,450.6230036399982,-3929.924290860008,-14339.893608889955,8217.435846990033,2491.679716190005,-8262.377046809986,4473.55530910999,17917.379149300014,25664.53133844002,24309.31796844,56684.12308982001,52240.90214224001,79436.89788059001,66960.53854371002,67939.68683939007,85421.62252561998,-13772.392860000002,-17736.97913621,10251.242656880004,11351.286802929997,48563.48313883,42179.9396055,35368.81359014,22337.49904466,32996.54148209,47960.68188153,58683.04238266,152699.69494789,14374.3765012,26467.48066885,35467.57039246,8006.30977267,2247.75191116,17887.672230279997,6233.2579446,-13331.78920188,20401.67353044,21370.27355727,19802.84616991,79028.43095191,2306.93413054,4918.301534810001,-6831.30109935,65989.58131959,153848.26912657998,231026.00126022001,223174.86689342998,174007.77021855,253430.65161117,266261.51756601,335376.79856303,,"01/05/2023, 16:39:07"
,Надходження від приватизації державного майна,204000,9.133485039999998,36.72378904999999,1094.40764949,5625.79547116,10944.77532677,10960.275237670001,10967.35496552,10980.390618959998,10994.188224200001,11003.80263606,11008.812847899999,11480.30558967,2427.35337223,2709.8472771399997,4086.33460785,4770.46242274,5091.6553288000005,5094.01041299,5112.58183296,5266.740633359999,5351.081581310001,5662.04528912,6682.9187752299995,6763.54489382,5.57964733,21.57698337,25.83061206,52.51997132,57.719675159999994,172.97020466,182.12980979,317.32479284,916.04479379,979.28615237,983.48218434,1479.96867513,44.929149710000004,45.690445149999995,47.66575806,48.164685979999994,50.752855659999994,52.755875880000005,53.5850735,55.88421335,58.456670609999996,59.86003161,60.8131025,466.92072692,100.44138764,102.5277073,104.087772,113.56384084999999,114.85070712999999,116.78382185,120.25675159999999,122.19232017,126.84241031,136.87699318,144.43823258,151.48868876,4.53424162,10.13727734,24.32171034,29.10177208,34.228888729999994,42.049505999999994,58.76084086,60.29992972,72.85999654000001,77.86395886,83.56391139,188.92300466999998,6.51011023,12.300237119999998,17.01244707,28.762669980000002,72.78282475,110.79825552000001,191.5608893,1522.57381617,3302.7558433599997,3357.1961582299996,3360.3741253599997,3376.75885574,16.05335639,26.22061148,34.63188346,47.80769834,49.755837,49.903660509999995,49.93819101,75.29857101,77.34549812,135.08555156,175.01959116,268.7551988,122.28359222999998,154.64546113,183.97759182,190.66044315,216.83570084000002,265.53326624,351.80035548,369.13318102000005,398.23858838999996,413.4662616,531.2480359599999,549.5159867000001,132.2760649,190.24302989999998,202.28538115,257.57687759,485.3918137599999,506.8651824,593.5782015599999,761.6959747100001,1892.5511875999998,1913.47113633,1991.02721419,2248.1777692699998,201.47639392,326.04501589,529.68709857,676.95609711,858.23323025,1048.90210366,1772.99691796,1909.99030183,2086.3493296300003,2257.0319322600003,2535.63553592,5097.86413749,286.12001625,296.49291264,296.8654117,296.9149755,296.9358755,297.59955763,303.49083772,303.54152075,303.57931458999997,762.00771775,1290.70339548,,"01/05/2023, 16:39:07"
,Фінансування за рахунок залишків коштів на рахунках бюджетних установ,205000,-1088.5971904100004,-1454.9068373100001,-1202.7141365600003,-554.7830283200002,-498.44344379999995,131.3506789599998,-2743.6297121699995,-4415.69369327,-6243.314431520001,-5276.112768100001,-4474.893532130001,0.674498890000403,-908.3248272800001,-1487.4963632600004,-308.59315915999963,-163.81666423000027,-229.89134048000074,96.6410564699998,124.74972509999942,-2629.865173119999,-4004.05242262,-5443.813500159999,-6005.895253910001,-3359.1769723100015,-2373.0180919500012,-6224.282277379999,-6478.5727079,-6118.01813598,-5410.22469443,-6777.56598644,-6320.784349890001,-10784.381096349998,-12682.63399379,-15369.84859224,-15527.998990349995,-4707.065063269999,-2201.0429373399984,-4783.7371386999985,-6375.10649709,-6652.064810250002,-5490.81324208,-5873.809001800001,-7057.5024230200015,-5451.27011166,-6696.120829799999,-7032.42932749,-6539.022565229999,-966.1285257500007,-2230.5617227600005,-3574.645306629999,-2769.8442105200006,-2663.93501855,-3786.073439249999,-4332.440857369999,-5095.751015389999,-6602.77706839,-7650.992095969997,-9800.292395440001,-9155.327566839998,-1068.4696131199994,-2492.312775840002,-4210.783527420002,-3346.199392739999,-3352.7353695600004,-3804.2977707799996,-3304.841606420001,-4444.722792630001,-7180.518936590004,-8058.40571596,-8867.1461617,-9639.456739590005,-162.86176079000012,-3358.0476082599994,-6193.515376540001,-4875.920251189999,-6229.477453670002,-8205.56118094,-7486.9953645900005,-8318.89112069,-10758.964770650002,-12283.25960852,-12887.3392625,-12117.043019770003,-57.38071732000077,-4659.539204370001,-6419.39066207,-6820.921291289999,-7164.91542265,-8808.936079449999,-7949.471512110001,-9470.65194479,-11747.121261079998,-13761.8532026,-14676.33064158,-15062.922836299998,-1424.3119193699995,-3750.3546158199997,-6137.270600219999,-7717.371361219998,-9497.435115669998,-10802.191367119998,-9643.281025570002,-10939.27377916,-13360.923083209998,-16248.278069570002,-17061.801981779998,-15915.942285879999,-668.6894957900014,-3790.9251689000007,-5993.627565509998,-9637.436740339996,-16052.563289689999,-13071.44448333,-15630.457965969998,-13909.03544405,-17861.01415761,-19659.855836709998,-20467.96851265,-23962.64690025,-6760.51478399,-3090.65552281,-5697.67703491,-5182.15439063,-5275.163119350001,-7405.86427247,-20716.54025524,-14016.79329871,-20291.056607240003,-17766.40730792,-20000.75155075,-19516.04498269,477.62054032,-4554.907389350001,-15898.50128729,-17896.536782130002,-17905.03889974,-19690.93942544,-20147.90602312,-22109.868036,-24560.41654825,-26759.54635157,-37733.303739639996,-41540.382436550004,,"01/05/2023, 16:39:07"
,"Зміни обсягів депозитів і цінних паперів, що використовуються для управління ліквідністю",206000,-191.99367156,-645.15723702,-907.3378014000001,-10100.65878827,-10462.900565779999,-18904.74748941,-18949.17312041,-19277.11551071,-19233.60145031,-19204.302673090002,-23144.295688830003,-21300.33792633,-1031.35290091,-1682.9590711600001,-7824.285360610001,-7948.183254200001,-8262.017751149999,-8172.53303235,-8312.81990514,-8446.08400239,-9393.786085060001,-9181.984781449999,-9054.12356566,-6965.48311775,-2000.000978,-6622.96406669,-8604.12834477,-8946.95157781,-8938.54900322,-8919.32838153,-8892.81375477,-8875.76544393,-13914.62656918,-13868.26716698,-13880.02973406,-14684.33389707,1.58267922,-11064.36732078,-11062.60732078,-11061.442320780001,-21059.78732078,-22858.593320779997,-23956.72832078,-70654.96827311,-96598.07527311001,-96597.96027311,-104097.86027311,-123314.16827311,0.06,-14300.32,-17200.32,-30804.318,-30804.244546939997,-47704.24084694,-51766.83083434,-55004.57221927,-60450.013811519995,-66662.946059,-72168.10682742,-74600.91424694,-877.74472902,-16937.89941024,-20037.91547632,-21186.685927830003,-21947.45676438,-23162.581610830002,-23668.81854549,-24508.92596602,-25372.889763209998,-25317.37712938,-25141.18140626,-129215.518,-3225.8754691,-23861.50554327,-37012.794696900004,-38359.03625194,-39460.53427074,-40498.32014471,-63538.29264096,-64476.14738617,-63418.53905497,-63165.28294548,-63014.26636398,-70702.997,-6038.99426525,-12344.224102979999,-14906.581639630002,-14930.570165770001,-15737.37310141,-14641.28575789,-13486.09929067,-14146.422885439999,-12760.9724183,-11970.62578334,-11280.750723259998,940.0727668100004,-4753.19502522,-7218.67172769,-4480.99225002,-1622.1531070300007,-2050.2636339200003,-1477.455711419999,1250.4926514400006,1300.3412758200006,1334.47235766,1543.6915277600003,1869.1089453199997,8996.64750847,-6139.32937525,-5802.841242639999,-5750.2431635699995,-5158.808038830002,-5660.307004880001,-6220.35941694,-7088.84728805,-7826.6360557299995,-14461.84963014,-13529.67998137,-13726.415783,-4838.8915547,-3426.52928117,-5759.77458852,-7109.2775293,-7489.138875479999,-9379.87035159,-10479.45494824,-11251.18244169,-13571.614236559999,-11516.70695448,-11295.32127223,-10634.58189863,-17635.575447490002,-4145.55862615,-3991.46507677,-3051.99127877,-2945.39818652,-3142.8368590500004,-3336.07573678,-3475.12967652,-3851.6198245100004,-3880.08602673,-3468.8042914400003,-3772.9230513,,"01/05/2023, 16:39:07"
,Коригування,207000,,,,,,,,,,,,,,,,,,,,,,,,,,,,,,,,,,,,,,,,,,,,,,,,,,,,,,,,,,,,,,,,,,,,,,,,,,,,,,5238.90775064,5238.90775064,5238.90775064,5238.90775064,5238.90775064,5238.90775064,5238.90775064,0,0,0,0,0,0,0,0,0,0,0,0,0,0,0,0,0,0,0,0,0,0,0,0,0,0,0,0,0,0,0,0,-0.00083624,-0.00083624,-0.00083624,-0.00083624,0,0,0,0,0,0,0,0,0,0,0,0,0,0,0,0,0,0,0,0,0,0,0,,"01/05/2023, 16:39:07"
,Фінансування за рахунок зміни залишків коштів бюджетів,208000,-112.51195597000563,-15382.022990790003,-7506.886561170004,-11521.145697730008,-19827.139862960004,-21391.504839390007,-19080.06040415,-18941.48143026,-11162.739667530002,-10741.08175171,-12337.395708790003,-4018.805609540004,-3190.5610038,-6884.833361110001,-10168.27563808,-8649.984752770004,-14525.87996119,-9931.180962840004,-18293.534616489997,-17033.21518254,-11162.02846576,-2171.288143180001,-8205.087938730001,8160.010718409999,-6062.777512489998,-7665.5881400100025,-10665.675315119997,-13043.00950153,-13611.881936279999,-5353.6021365499955,-5853.328259710002,2387.1432941999983,2660.8658269699968,9200.750945099999,10686.070427379998,-3920.084444109994,1269.115457289998,5892.748498349994,5884.4736417500035,5742.816891049994,-35445.512185160005,-16794.067899769998,-11710.645881900004,-8924.32958742,-20749.349628120002,-14617.178792350007,-6499.0582139,-4407.608072180006,-745.5219623200016,3915.637665959994,-50884.276788159994,-43503.860326719994,-49617.88319897999,-42398.199278479995,-50812.40621442999,-66324.58362215999,-75469.75025436,-64329.715878380004,-54302.78566815,-8386.731972380008,-6680.868726299986,-13933.522179700001,-3857.2041189700026,-12296.63930988998,-16600.46564535999,-7803.8895615499905,11067.04006973,-366.323265879982,-1150.915943229988,2213.6086212800064,-3718.978314379986,9628.54266920001,-17887.146004529994,-4897.475894699996,9449.863883580001,-32516.87295771,-36507.10420582,-35853.95647262,-22799.32692131,-36516.21472183,-49569.35360203,-43185.57897078,-52581.20617412,-11217.700938130003,-199.00061252998353,16510.994570399995,30736.833554240005,34621.51452727002,27445.524208150015,29177.763325469707,37558.95762975002,-678.0735020409955,21719.682230450002,26655.155992940483,-6910.133523839993,13640.368293900005,7432.230865230001,18758.80267579,-97.3628647500019,-41921.30512842,-31091.844120629998,-46530.791996759996,-82018.24274113,-86778.49549910001,-58992.33892042,-43469.29312560041,-39152.015116070084,-5213.859931690003,-6588.165801359999,181.9130856500082,-5162.90080215,-6597.951945210002,1292.7738193700009,-83702.62051254998,-65103.02414033,-62803.49508598,14268.941840129999,29933.273471490003,25753.41731452,-17718.21319572,-13842.336548959998,-8502.66644371,-4195.76321041,-9278.387351309999,-3505.06948331,721.44366928,-4069.52965244,-28822.558304270002,-16170.867638040001,-22815.76303744,-44818.485479129995,5527.53811871,-23732.96082733,-26957.35999281,-30592.5426307,-37489.64331665,-50049.89989057,-51814.88456543,-45434.35416014,-57953.41293266,-81104.61105948,-96076.90791919001,-88553.99685518,,"01/05/2023, 16:39:07"
,Зовнішнє фінансування,300000,828.87877834,12405.68141717,6914.602435819999,6417.38279322,6403.30519017,17029.26339325,17767.076210769996,17818.764362010003,18089.402470200002,18045.80256098,18540.18721827,14501.625262610001,-79.54916607,-162.31837905,-857.0271533000001,-819.20869499,-1011.6342392,-12852.452129800002,4180.388545339999,2473.275227029998,7372.138656449999,7224.7150475100025,10230.69922675,10704.229764160002,186.21035826999997,3622.68528851,3080.2581733099996,12656.3249831,7931.831105559999,3.295089330000907,127.38773990000051,-47.37923422999889,1275.0456534500001,1068.4104641800009,-1564.3495632600016,13898.537228050001,-287.19598053,-447.80531273,-1335.1412975,-1545.9370545200002,41639.51500078,38112.663998100004,36484.931085120006,29677.5159747,50220.70043414,50906.27192193,53865.41442154001,42174.93843621001,-707.05628108,-1405.37931765,52696.38985799,59949.41406466,77884.32030160999,79304.47295511,90805.35989654998,98301.96196511001,109402.59960791,111240.32541158999,110973.28065537,109651.11367475997,-1019.0986530399999,-835.0006411300003,7425.7405018,7810.534073560001,6904.212930920001,7543.20128724,7036.3959460900005,6623.20187136,32129.519821759997,31815.623918890004,31395.72274229,33262.076156179995,-778.7592617000001,-1067.2494174599997,-1208.0713411,14883.56641971,13714.827946880001,14151.88113595,13167.84247741,6817.812236600002,44074.114238309994,43923.994797969994,39026.81927879002,36983.12675657002,-1313.90114803,-8472.394264229999,-8372.14216742,-11894.233193149998,-19131.744085549995,-21032.415094709995,-21003.298480129997,-11484.736702030003,-11032.3802089,-11453.566410379995,24486.372755229997,44833.250519299996,-1037.45765888,-1897.72317607,16686.61101908,17391.070799609995,-15673.278720400001,12109.952442480002,12055.741916620002,10901.92227186,-14941.585107469999,-8582.626452719995,-9536.146956339991,-3613.9350529399967,33457.55311225,32014.18547393,27837.541561079997,27055.64841384,378.6158901799991,65928.13092305999,81583.55450827,79626.72648868,42573.83297537,41986.02951774,43974.25375226,96100.75218763,-755.93000912,-3096.9686227800003,-12734.17919307,22141.31693889,22852.45113924,26427.1364445,39797.53380199,38897.44002175,19411.53894553,34851.73177624,61967.342452410005,109731.46067388,-621.80781078,-6167.60676712,90241.19277733,108586.04557013001,134664.1370192,194481.71938418,193822.56804634,251247.78711371,268620.64085449,420597.48808099,513446.60140524,,"01/05/2023, 16:39:07"
,"Позики, надані міжнародними фінансовими організаціями",301000,-2.700625469999969,-324.94798663999995,-342.64666413000003,-487.68773871999997,-558.85444777,80.10254149000001,-69.93526956999993,-326.2947589100001,-58.99132549000001,62.158856569999934,471.9083895900001,1263.5638654300003,-79.54916607,-167.10760169,-83.06423535000002,314.8268888200001,179.71818359999992,335.2389398399999,1378.9522063099998,-330.37285418000033,-231.53552782999992,-51.55977011000013,-4988.55031806,-4497.82377727,186.21035826999997,-4370.314711489999,-4124.92357669,-4218.416049809999,-8908.60411235,-8816.22714003,-8692.134489459999,-8866.90146359,-13539.22657591,-13412.50783471,-16045.26423215,-18527.17014489,-287.19598053,-447.80531273,-372.01244749999995,-582.8082045199999,30847.449850779998,39264.856480090006,37637.12356711,30829.70845669,50141.6995661,48508.08605389,51467.228553500005,39816.28004849001,-707.05628108,-1405.37931765,52806.56754998,56354.364156649994,53241.0433936,54731.3421321,66232.22907354,73807.96506262,84908.60270542,81996.84147809999,81729.79672188,80440.58441652001,-1019.0986530399999,-835.0006411299998,-1304.5933584700003,-919.7997867100003,-1826.1209293500003,-1187.1325730300011,-1693.93791418,-2207.859465140001,-2493.976536920001,-2807.8724397899996,-3227.7736163900013,-1320.9593215800023,-778.7592617000001,-1067.2494174599997,-1098.8833875999999,14992.754373209998,13824.015900380002,14264.422189570001,13163.874927030001,6813.844686220001,6712.632190300001,6562.512749960002,1477.3590697800034,-628.2849837099956,-1313.90114803,-8472.394264229999,-8304.09349399,-11826.184519719998,-19063.695412119996,-21028.558592519996,-21031.882872539998,-30906.033535610004,-30400.744759580004,-30826.78900037,-31649.255469510004,-22132.30013961,-1037.46045332,-1897.72597051,-10827.68265905,-10697.606117780002,-17625.557427780004,-19559.380023560003,-19883.665388390003,-20218.26481797,-25563.861309410004,-26257.90994271001,-27212.09951499,-23619.078292789996,-779.33299026,-1418.2163526400002,-1304.9420097099999,-2088.6718158,-1691.62236324,63462.86816632999,45746.741099269995,44832.22904946,46407.75064114,45511.646927589994,47008.665727160005,72333.75734622,-793.98852327,-2026.95540205,-1651.25519984,-2359.7446567600005,-1559.21389149,2919.21182017,2342.4533399800002,2100.51097558,-2886.46959393,15076.918986379998,33815.714323349996,47038.45691154,-677.66588367,-2562.38471406,94054.88409327001,90866.00404505999,109498.32838712,128508.44073953999,127663.55301841,165849.28400682,183755.77381426,335055.63882923,427874.68278797995,,"01/05/2023, 16:39:07"
,"Позики, надані органами управління іноземних держав",302000,37.93940381,37.93940381,-673.2409000499999,-1025.4194680599999,-968.33036206,-947.95414824,-856.9735196600001,-548.9258790800001,-545.59120431,-710.3412955900001,-625.7061713200001,-661.9836028200001,0,4.789222639999999,-773.96291795,-1089.85708381,-1102.9989228,-1111.75256964,-1108.62516097,-1106.99621829,-1103.23505821,-1430.63559014,-1425.2927223200002,-1443.3319537,0,0,-781.31575,-1103.00646709,-1103.00646709,-1130.91945564,-1130.91945564,-1130.91945564,-1130.91945564,-1464.8135301099999,-1464.8135301099999,-1504.95175356,0,0,-948.11635,-948.11635,-948.11635,-990.73574396,-990.73574396,-990.73574396,269.39086804,2588.57586804,2588.57586804,2566.24838772,0,0,-85.47179199,3619.7558080100002,3619.7558080100002,3619.7558080100002,3619.7558080100002,3540.6218874899996,3540.6218874899996,8290.10891849,8290.10891849,8257.15424324,0,0,8730.33386027,8730.33386027,8730.33386027,8730.33386027,8730.33386027,8831.0613365,8711.61735868,8711.61735868,8711.61735868,8671.15647776,0,0,-109.1879535,-109.1879535,-109.1879535,-112.54105362,3.967550379999995,3.967550379999995,-106.09677147,-106.09677147,81.88138953,143.8329208,0,0,-68.04867343,-68.04867343,-68.04867343,-3.856502189999998,28.58439241000001,35.54691854000001,-81.32769813,-76.46965881999999,-72.55477993000001,-108.79006119000003,0.00279444,0.00279444,159.66179533,272.95458374000003,272.95458374000003,322.87949426,481.41064035000005,494.58895895999996,-3279.84990242,-3047.2638643699997,-3046.59479571,-2622.9772731400003,3.3115588000000002,3.3115588000000002,-4124.22201074,-4122.3853518900005,-4121.175720470001,-4184.8694558100005,-3890.99400986,-3902.24172871,-4017.63912048,-3709.33886456,-3465.92753688,-3734.8695889299997,38.05851415,48.17620377,-103.21732193000001,33.59048313,55.62993499,-7.452015,97.51330349,264.99697971,496.70072139,729.2624816599999,918.73211238,291.47393501,55.85807289,146.70101515000002,217.05996897999998,21750.792809990002,29371.58189408,70093.04689443,70137.64750638,90677.05749753,90593.30506749,90660.53875544999,90770.57658898,,"01/05/2023, 16:39:07"
,"Позики, надані іноземними комерційними банками, іншими іноземними фінансовими установами",303000,0,0,0,0,0,0,796.87,796.87,796.87,796.87,796.87,796.87,0,0,0,-44.1785,-88.3535,-8079.6885,-8079.6885,-16072.6885,-16072.6885,-16072.6885,-18125.25773287,-18125.25773287,0,0,-6.5025,-6.5025,-42.42775,-42.42775,-42.42775,-42.42775,5952.32225,5952.32225,5952.32225,-42.42775,0,0,0,0,-15.0125,-38.62,-38.62,-38.62,-68.02,-68.02,-68.02,-85.22,0,0,-24.7059,-24.7059,-24.7059,-94.851985,-94.851985,-94.851985,-94.851985,-94.851985,-94.851985,-94.851985,0,0,0,0,0,0,0,0,0,0,0,0,0,0,0,0,0,0,0,0,0,0,0,0,0,0,0,0,0,0,0,0,0,0,0,10866.157715430001,0,0,17845.8742328,18306.964683649996,18333.44147364,18487.769321779997,18599.31301466,17766.91448087,17751.137161240003,24571.558411240003,24571.558411240003,26477.131569870002,332.32454371,-472.1597322300001,-634.54441847,-634.54441847,-709.6360261100001,-250.91778746000017,-250.91778746,-1281.9860383900002,6880.43599779,6880.43599779,7128.230105060001,17501.778973419998,0,-1118.1894245,-10979.706671299999,-10220.028887479999,-10331.46490426,-11172.12336067,-10820.18284148,-11645.81793354,-11539.3108514,-14295.068361270001,-6107.72265279,-6441.93820154,0,-992.90361452,-1271.7318312300001,-1271.7318312300001,-1446.7538083099998,-1360.7487961,-1219.61302476,-2519.53493695,-2969.4185735700003,-2359.67005,-2439.6385180300003,,"01/05/2023, 16:39:07"
,"Позики, надані постачальниками",304000,0,0,0,0,0,0,0,0,0,0,0,0,0,0,0,0,0,0,0,0,0,0,0,0,0,0,0,0,0,0,0,0,0,0,0,0,0,0,0,0,0,-122.37,-122.37,-122.37,-122.37,-122.37,-122.37,-122.37,0,0,0,0,21048.227,21048.227,21048.227,21048.227,21048.227,21048.227,-7206.5897081300045,-9506.312201450028,0,8272.29785425,8272.29785425,8272.29785425,18991.94033628,18991.94033628,18991.94033628,18991.94033628,44903.81933628,44903.81933628,44903.81933628,44903.81933628,0,0,0,0,0,0,0,0,37467.57881948,37467.57881948,37467.57881948001,37467.57881948001,0,0,0,0,0,0,0,19385.74991504,19449.692248810003,19449.692248810003,56208.18300467,56208.18300467,0,0,9508.75765,9508.75765,-16654.11735,12858.68365,12858.68365,12858.68365,-3849.0110568799973,-3849.0110568799973,-3849.0110568799973,-3849.0110568799973,33901.25,33901.25,33901.25,33901.25,6901.05,6901.05,39978.72520632,48983.18723432,2307.7474849200003,2307.7474849200003,2307.7474849200003,19004.547484919996,0,0,0,34687.5,34687.5,34687.5,48177.75,48177.75,-4589.5635488,-4589.5635488,-4589.5635488,-4589.5635488,0,-2759.01945369,-2759.01945369,-2759.01945369,-2759.01945369,-2759.01945369,-2759.01945369,-2759.01945369,-2759.01945369,-2759.01945369,-2759.01945369,,"01/05/2023, 16:39:07"
,Інше зовнішнє фінансування,305000,793.64,12692.69,7930.49,7930.49,7930.49,17897.115,17897.115,17897.115,17897.115,17897.115,17897.115,13103.175,0,0,0,0,0,-3996.25,11989.75,19983.3327995,24779.59774249,24779.59890776,34769.8,34770.643228,0,7993,7993,17984.25,17985.869435,9992.869435,9992.869435,9992.869435,9992.869435,9993.409579,9993.405949,33973.0868765,0,0,-15.0125,-15.0125,11755.194,-0.46673803,-0.46673803,-0.46673802999999997,0,0,0,0,0,0,0,0,0,0,0,0,0,0,0,0,0,0,0,0,0,0,0,0,0,0,0,0,0,0,0,0,0,0,0,0,0,0,0,0,0,0,0,0,0,0,0,0,0,0,0,0,0,0,0,0,0,0,0,0,0,0,0,0,0,0,0,0,0,0,0,0,0,0,0,0,0,0,0,0,0,0,0,0,37930.18221827,37930.18221827,37930.18221827,73433.03157767,0,0,0,0,0,0,0,0,0,0,0,,"01/05/2023, 16:39:07"
,Коригування,307000,,,,,,,,,,,,,,,,,,,,,,,,,,,,,,,,,,,,,,,,,,,,,,,,,,,,,,,,,,,28254.81670813,30554.53920145,0,-8272.29785425,-8272.29785425,-8272.29785425,-18991.94033628,-18991.94033628,-18991.94033628,-18991.94033628,-18991.94033628,-18991.94033628,-18991.94033628,-18991.94033628,0,0,0,0,0,0,0,0,0,0,0,0,0,0,0,0,0,0,0,0,0,0,0,0,0,0,0,0,0,0,0,0,0,0,0,0,0,0,0,0,0,0,0,-9004.462028,-9004.462028,-9004.462028,-9004.462028,-9004.462028,0,0,0,0,0,0,0,0,0,0,0,0,0,0,0,0,0,0,0,0,0,0,0,,"01/05/2023, 16:39:07"
ЗА КЛАСИФІКАЦІЄЮ ФІНАНСУВАННЯ БЮДЖЕТУ ЗА ТИПОМ БОРГОВОГО ЗОБОВ'ЯЗАННЯ,Фінансування (дефіцит «+» / профіцит «-») **,,-909.381724590011,-5024.826149460004,712.3478903599935,2916.2068296499956,-146.1807595700052,11711.483424799992,8145.235201469995,2104.593422789996,3097.3313581899934,8040.2527550299965,7534.72221952999,23057.88869773999,-2068.7014009899917,-4758.632654710002,711.8372318500033,6384.172291689997,4803.094513070007,9742.665983120001,18868.23863264,14832.94157553001,21262.400411740007,29184.216460960015,33914.65970071001,50785.69072873001,615.3835683500025,1282.5167531199963,5682.777413160002,18882.547811469998,21711.69846724,28039.034664319995,34227.535699750006,34625.61442338,33826.3668628,37093.96325159999,40835.88540739,63590.29826770998,55.16581747999521,2408.1256672099953,-496.94577883000466,2857.5839787400073,7970.369821270009,20776.51629456001,28020.58307761001,28634.326373490003,32894.16471232,46158.29698551001,53126.976877330024,72030.45901320003,2555.374329499998,271.97012191000795,-13969.681643239996,-18493.37801861999,-19393.541736969986,-12270.570049349983,-15391.942670839997,-28308.95517390999,-32508.880271550013,-26791.810342270008,-19969.485169290005,30898.246262079978,-9023.147686849992,-9870.175594040014,-3869.163254090022,5076.595991829997,3778.468104019984,11279.46820946999,22883.491045000002,11288.08984143,31692.78107559002,26865.957979289997,9987.807426889987,54813.905870639996,-25017.554660859998,-17980.16792383999,-4005.3196937099874,-38590.32785380999,-50478.728965680006,-52141.73318822,-52820.26799854002,-68645.74289970001,-41632.48541884999,-31232.206195530012,-33916.81972459998,42125.72630664003,-20514.523982759987,-15268.289322019991,2989.936564020005,-33.20247812997013,-14584.08047809997,-10465.961939439985,-7517.336727710001,-34356.36018544098,-14539.311987229998,-14425.220997339507,-22001.49070015997,67791.79305399003,399.36724416000226,-4718.1677815199855,8959.577224049988,-17623.432440509976,-33860.35842520997,-21059.939779549983,-22733.75655262997,-35367.43477403995,-8758.07579298997,643.0869598096657,6882.015699670013,87264.1913016,3072.863829640003,2547.706628380005,17370.933837170025,10659.782674199985,31977.623541319976,3398.9610059499864,32067.118704289966,15116.31981153,59019.68439871997,89437.30247239,94695.97022747,224458.84660276998,-6748.22900269,3287.5415244299998,6314.80295885,8075.73062188,4904.39668178,14539.16438683,18401.85375913,-34535.947002529996,-2520.1530896599998,5875.58121663,12246.25716639,186908.27588576998,-30674.569032810003,-48370.7055347,31311.48532756,115673.61520002999,214962.50258610997,349031.42202309996,344289.81712196005,337099.39148598997,407420.41798687,546517.69378265,712131.68170448,,"01/05/2023, 16:39:07"
,Фінансування за борговими операціями,400000,452.27689878999973,12084.847063259998,8305.398296549998,18196.63639327,18323.55554788,37460.455972790005,35014.31954856001,32245.50633146001,27318.64551990001,30744.91806791001,35181.04918068001,36273.25884394001,345.4762838599999,1558.4922492800006,12973.8478626,15857.551039390002,19465.009917560004,17405.737437400006,34817.55792936,33976.85221965,36931.83433026,37485.620287469996,49034.98551375,44745.39485284,10476.333145070003,20831.31981881,29212.51673249,43369.71201098,45353.30003194,41779.22611549,48912.499995109996,46768.85963848,51667.30199604,50713.46161914,54103.21739182,80479.75849313,362.1802580499989,11163.060526209998,9707.410856019998,13030.834934769999,67858.50221297001,61836.57131626001,67886.59983728001,111640.48182633001,155097.52437165,162758.49980524002,169541.98681282002,200942.81748080003,5379.318158540002,14108.828350089998,56715.84012421,58287.52649778,64613.92951413001,81942.05994253,91995.83274666,99219.678575,110915.61070438,113857.46424806,115522.92327483998,114814.24297941997,1022.9695799899988,25202.59860245,23347.814436850003,41881.485012920006,46092.4580532,45505.551375840005,39867.97134853001,43284.47493649001,66204.29278327001,58762.8930418,48408.348199750006,174374.81995756,-552.6188729600003,16956.44811328,28384.001734569996,38448.221003909995,33567.56986605,31510.3434335,41584.82062559999,41527.922951789995,80270.21699350001,84622.81063698,90431.71348598001,120730.61240854002,-9646.032114329997,-13081.24740013,-6157.083240099998,-12742.16113910999,-17687.366793769987,-17297.84672990999,-22306.740338279997,-7944.824251819977,-9866.372750619985,-14605.26403034998,11027.290839390018,54367.61678430003,1312.142753680007,-10359.78372783999,20910.692971099994,35026.77679366002,9653.462625890039,36095.52505941002,68439.31528667003,62998.67610857005,64684.21999856002,59156.97453222006,59546.03457527008,83601.48041626997,19419.60543569,13882.435945230005,37519.16273759,37931.23984956999,48617.02081887,108123.47386189998,117341.20711774,102722.52492216999,76873.39171107,91541.84734944001,104640.89520849001,251528.71105612,13395.8447695,22871.41456084,11886.40464381,29309.50915827,24154.95621353,31674.93610668,35828.998655480005,26159.61641166,12504.78536613,21842.76615239,82563.3555968,180933.9198718,-8244.41512666,-58365.641742730004,68343.94660858999,133932.90865483,209822.39810325,349697.32278728,356134.33050778,418655.33911679,466051.26553696004,629410.3376207099,740058.0594935201,,"01/05/2023, 16:39:07"
,Запозичення,401000,3905.5220264799996,18949.22018548,23695.24879754,37447.70369754,39876.277583129995,59801.858214349995,63151.420542809996,63676.37326602,64305.666415379994,70252.67321621,76418.53314243,83783.25406993,648.85195584,6821.602109920001,23761.387147449997,29511.000474189997,36849.295230719996,50457.08025292,68911.76608964,80338.89010739,87725.60850822,92870.83966148,111520.13597503,115435.61378647,11626.241891270001,29696.11511359,44230.19890191,62851.07820069,72527.10642076,77226.31686851999,89184.74332508,92054.80240808999,106995.2956859,110425.72994259,120344.831047,160888.66040344,5265.134180429999,23006.515160169998,27169.6665526,34324.65783048,95423.80425649,110238.01538503,125086.55003968,177766.84721731,226351.08605051,242431.96162363,263556.92428874,325038.77821282996,9941.01225119,30784.918165799998,91035.38472781,115142.07792740001,136395.05118927002,157773.49836154003,180624.47481546004,193827.76659910002,210315.89980063002,217280.80745700002,495462.27318029996,514158.97393290995,12303.31480523,48100.789789040005,57438.95539845001,83638.80714966002,105417.85497870002,114699.82345853002,121249.26798797003,135706.09500176003,170280.31249387003,175169.89901891002,175988.87117081002,307712.12758397,1592.22483956,21470.32231567,37154.19453305,57415.09454463,61890.62615927,64740.87001974,92930.60257047,104383.29526244,186556.17916651,412946.61103319,434449.89156033,479249.48899011,8521.21057529,21323.47253457,50753.01959049,56396.34504021,67212.23508098,87493.18297005,98807.09523573,139471.56241908,142915.62327529,168183.07197635,229032.25209677,289031.16469253,41661.679079530004,60330.33515664,115431.84925025,162120.05966829002,186107.00799084004,247067.21773082003,317695.71017153,326034.75643948,363021.95896752,378731.33554629004,397273.58172887005,429391.3337151599,51252.94217269999,66016.72105968,99413.86269601999,109812.04908617998,163853.34748439002,264997.33245636,354616.18624433,387722.94076877,417540.52698884,439310.6602767,472313.46840031,647368.1665645699,37258.48762609,74848.10808978,119984.82190955999,173087.80430026,196719.7776295,266210.14682447,304827.66927318,313246.02859138,374500.78759872,418160.18391808,499498.25015213003,627777.56622183,11324.398450280001,18712.32118713,165407.49536437,270115.43683717004,380196.06902869,567189.18522868,620198.6651914399,723290.52372701,775418.579566,977783.54415875,1144091.87626218,,"01/05/2023, 16:39:07"
,Погашення,402000,-3453.2451276899997,-6864.37312222,-15389.85050099,-19251.06730427,-21552.72203525,-22341.40224156,-28137.100994250002,-31430.866934560003,-36987.020895480004,-39507.755148300006,-41237.483961750004,-47509.99522599,-303.37567198,-5263.10986064,-10787.53928485,-13653.449434799999,-17384.28531316,-33051.342815519994,-34094.208160279995,-46362.03788773999,-50793.77417795999,-55385.21937400999,-62485.15046127999,-70690.21893362999,-1149.9087462,-8864.79529478,-15017.68216942,-19481.36618971,-27173.806388819998,-35447.09075303,-40272.243329970006,-45285.94276961001,-55327.99368986001,-59712.268323450015,-66241.61365518002,-80408.90191031001,-4902.95392238,-11843.454633960002,-17462.255696580003,-21293.822895710004,-27565.30204352,-48401.444068770004,-57199.9502024,-66126.36539098,-71253.56167886,-79673.46181839,-94014.93747592,-124095.96073203,-4561.694092649999,-16676.089815710002,-34319.5446036,-56854.55142962,-71781.12167513999,-75831.43841901,-88628.64206879999,-94608.0880241,-99400.28909625,-103423.34320894,-408194.16661359,-429899.27015493996,-11280.34522524,-14625.89333234,-25818.843107349996,-33485.02428248999,-40333.45658921999,-50202.33174641,-62389.35630315999,-73429.67972898998,-85084.07937431999,-97415.06564082998,-108588.58263477997,-114345.36729012997,-2144.8437125200003,-4513.8742023899995,-8770.192798479999,-18966.87354072,-28323.056293220005,-38469.434336880004,-56584.68969551001,-68094.28006129,-111524.86992365,-333562.70814685,-349257.08582499,-363757.78433221,-18167.242689619998,-34404.7199347,-56910.10283059,-69138.50617932,-84899.60187474999,-104791.02969996,-121113.83557401001,-147416.38667089998,-152781.99602591,-182788.33600669997,-218004.96125737997,-234663.54790822996,-40349.53632585,-70690.11888447999,-94521.15627915,-127093.28287463,-176453.54536494997,-210971.69267140998,-249256.39488485997,-263036.0803309099,-298337.73896895995,-319574.36101406993,-337727.54715359997,-345789.85329888994,-31833.336737010002,-52134.285114449995,-61894.69995843,-71880.80923661,-115236.32666552,-156873.85859446,-237274.97912658998,-275995.9538186,-331662.67241353,-338764.35006302,-358668.11032758,-386834.99264421,-23862.64285659,-51976.69352894,-108098.41726575,-143778.29514198998,-172564.82141597001,-234535.21071779,-268998.67061770003,-287086.41217971995,-361996.00223259005,-396317.41776569,-416934.89455533004,-446843.64635003003,-19568.81357694,-77077.96292986,-97063.54875578,-136182.52818234,-170373.67092544,-217491.8624414,-264064.33468366,-304635.18461021996,-309367.31402904,-348373.20653803996,-404033.81676866,,"01/05/2023, 16:39:07"
,Коригування,403000,0,0,0,0,0,0,0,0,0,0,0,0,0,0,0,0,0,0,0,0,0,0,0,0,0,0,0,0,0,0,0,0,0,0,0,0,0,0,0,0,0,0,0,0,0,0,0,0,0,0,0,0,0,0,0,0,0,0,28254.81670813,30554.539201450003,0,-8272.29785425,-8272.29785425,-8272.29785425,-18991.94033628,-18991.94033628,-18991.94033628,-18991.94033628,-18991.94033628,-18991.94033628,-18991.94033628,-18991.94033628,0,0,0,0,0,5238.90775064,5238.90775064,5238.90775064,5238.90775064,5238.90775064,5238.90775064,5238.90775064,0,0,0,0,0,0,0,0,0,0,0,0,0,0,0,0,0,0,0,0,0,0,0,0,0,0,0,0,0,0,0,-9004.462028,-9004.46286424,-9004.46286424,-9004.46286424,-9004.46286424,0,0,0,0,0,0,0,0,0,0,0,0,0,0,0,0,0,0,0,0,0,0,0,,"01/05/2023, 16:39:07"
,Фінансування за рахунок надходжень від приватизації,500000,9.133485039999998,36.72378904999999,1094.40764949,5625.7954711600005,10944.77532677,10960.275237670001,10967.35496552,10980.39061896,10994.188224200001,11003.802636060002,11008.812847900002,11480.305589670003,2427.35337223,2709.8472771399997,4086.33460785,4770.46242274,5091.6553288000005,5094.01041299,5112.581832960001,5266.74063336,5351.081581310001,5662.04528912,6682.91877523,6763.544893820001,5.57964733,21.57698337,25.83061206,52.51997132,57.71967516,172.97020466,182.12980979,317.32479284,916.0447937900001,979.2861523700001,983.4821843400001,1479.96867513,44.929149710000004,45.69044515,47.66575806000001,48.16468598,50.75285566,52.755875880000005,53.5850735,55.88421335,58.45667061,59.86003161,60.8131025,466.92072692000005,100.44138764,102.5277073,104.087772,113.56384084999999,114.85070712999999,116.78382184999998,120.25675159999999,122.19232016999999,126.84241030999999,136.87699318,144.43823258,151.48868875999997,4.53424162,10.13727734,24.321710340000003,29.10177208,34.22888873,42.049505999999994,58.76084086,60.29992972,72.85999654000001,77.86395886000001,83.56391139000002,188.92300467,6.51011023,12.300237119999998,17.01244707,28.76266998,72.78282475,110.79825552000001,191.5608893,1522.5738161700003,3302.7558433599997,3357.1961582299996,3360.3741253599997,3376.75885574,16.05335639,26.220611480000002,34.631883460000005,47.80769834000001,49.75583700000001,49.90366051,49.938191010000004,75.29857101000002,77.34549812000002,135.08555156,175.01959116,268.7551988,122.28359222999998,154.64546113,183.97759182,190.66044315,216.83570084,265.53326624,351.80035548,369.13318102000005,398.23858839,413.4662616,531.2480359599999,549.5159867000001,132.2760649,190.24302989999998,202.28538114999998,257.57687759,485.3918137599999,506.8651824,593.5782015599999,761.6959747100001,1892.5511875999998,1913.47113633,1991.02721419,2248.1777692699998,201.47639392,326.04501589,529.68709857,676.95609711,858.23323025,1048.90210366,1772.99691796,1909.99030183,2086.3493296300003,2257.0319322600003,2535.63553592,5097.86413749,286.12001625,296.49291264,296.8654117,296.9149755,296.9358755,297.59955763,303.49083772,303.54152075,303.57931458999997,762.00771775,1290.70339548,,"01/05/2023, 16:39:07"
,Фінансування за активними операціями,600000,-1370.7921084200107,-17146.39700177,-8687.458055680003,-20906.225034780007,-29414.51163422001,-36709.247785660016,-37836.43931261001,-41121.30352763001,-35215.50238591001,-33708.46794894001,-38655.139809050015,-24695.675735870012,-4841.531057079992,-9026.972181130002,-16348.345238599995,-14243.841170440002,-19753.57073328999,-12757.081867269997,-21061.90112968,-24410.651277479992,-21020.515499829995,-13963.449115629988,-21803.244588269998,-723.2490179300039,-9866.52922405,-19570.380049060004,-23555.569931389997,-24539.68417083,-23699.32123986,-13913.161655830003,-14867.094105149994,-12460.570007939998,-18756.979927029995,-14598.784519910005,-14250.814168769995,-18369.42890055001,-351.9435902800036,-8800.625304150002,-10252.022392910003,-10221.415642009992,-59938.88524736,-41112.81089758,-39919.60183317,-83062.03966619,-122261.81632994,-116660.06285134,-116475.82303798999,-129379.27919452,-2924.3852166800043,-13939.385935479992,-70789.60953945,-76894.46835724999,-84122.32195823,-94329.41381372999,-107508.03216910001,-127650.82606908001,-143551.33338624003,-140786.15158351,-135636.84667671,-84067.48540610002,-10050.65150845999,-35082.91147383001,-27241.29940128002,-36833.99079317001,-42348.21883791002,-34268.13267237001,-17043.241144390006,-32056.68502478001,-34584.371704219986,-31974.799021370007,-38504.10468425002,-119749.83709159,-24471.445898129998,-34948.916274239986,-32406.33387534998,-77067.31152769997,-84119.08165647999,-83762.87487723998,-94596.64951343999,-111696.23966765997,-125205.45825570998,-119212.21299073998,-127708.90733593996,-81981.64495763995,-10884.545224819993,-2213.2625333699943,9112.387920660003,12661.150962640022,3053.53047867002,6781.981129960006,14739.465419559996,-26486.834504631006,-4750.284734730016,44.95748145046764,-33203.80113071,13155.421070889985,-1035.0591017500049,5486.970485190005,-12135.093338870007,-52840.86967732,-43730.656751940005,-57420.99810520001,-91524.87219478001,-98735.24406363002,-73840.53437994,-58927.3538340104,-53195.266911560066,3113.1948986299976,-16479.017670949997,-11524.972346750004,-20350.514281569973,-27529.034052960003,-17124.78909131001,-105231.37803835,-85867.66661500999,-88367.90108535001,-19746.258499949996,-4018.01601338,-11935.952195209999,-29318.04222262,-20345.55016611,-19909.9180523,-6101.28878353,-21910.7346335,-20108.792762,-18184.67382351,-19200.14181431,-62605.55371602,-17111.28778542,-18224.21686802,-72852.73396633001,876.49187648,-22716.2739224,9698.44329539,-37329.32669273001,-18556.2084303,4843.168607359999,-963.50032181,-12148.004223540001,-81859.48915155,-58934.42686468,-83654.65155580999,-29217.08118452,,"01/05/2023, 16:39:07"
,"Зміни обсягів депозитів і цінних паперів, що використовуються для управління ліквідністю",601000,-191.99367156,-645.1572370200001,-907.3378014000001,-10100.65878827,-10462.90056578,-18904.74748941,-18949.173120410003,-19277.115510710002,-19233.60145031,-19204.302673090002,-23144.295688830003,-21300.337926330005,-1031.35290091,-1682.95907116,-7824.28536061,-7948.183254199999,-8262.017751149999,-8172.533032349999,-8312.819905139999,-8446.084002389998,-9393.78608506,-9181.984781449999,-9054.123565659998,-6965.483117749998,-2000.000978,-6622.96406669,-8604.12834477,-8946.951577810001,-8938.549003220001,-8919.328381530002,-8892.813754770003,-8875.765443930002,-13914.626569180004,-13868.267166980004,-13880.029734060005,-14684.333897070004,1.58267922,-11064.367320779998,-11062.607320779998,-11061.442320779997,-21059.787320779997,-22858.593320779997,-23956.728320779996,-70654.96827310999,-96598.07527311,-96597.96027310999,-104097.86027310998,-123314.16827310999,0.06,-14300.32,-17200.32,-30804.318,-30804.24454694,-47704.240846939996,-51766.83083434,-55004.57221927,-60450.013811519995,-66662.946059,-72168.10682742,-74600.91424694,-877.74472902,-16937.899410240003,-20037.915476320002,-21186.685927830003,-21947.456764380004,-23162.581610830002,-23668.81854549,-24508.92596602,-25372.88976321,-25317.377129380002,-25141.181406260002,-129215.51800000001,-3225.8754691000004,-23861.505543269996,-37012.7946969,-38359.03625193999,-39460.53427074,-40498.32014470999,-63538.29264095999,-64476.14738616999,-63418.539054969995,-63165.282945479994,-63014.266363979994,-70702.99699999999,-6038.994265249999,-12344.224102979999,-14906.58163963,-14930.57016577,-15737.37310141,-14641.28575789,-13486.09929067,-14146.422885439999,-12760.9724183,-11970.625783339998,-11280.750723259996,940.0727668100008,-4753.19502522,-7218.67172769,-4480.99225002,-1622.1531070300002,-2050.26363392,-1477.45571142,1250.4926514400001,1300.3412758200006,1334.47235766,1543.6915277600003,1869.1089453199997,8996.647508469998,-6139.32937525,-5802.841242639999,-5750.2431635699995,-5158.808038830002,-5660.307004880001,-6220.35941694,-7088.84728805,-7826.6360557299995,-14461.84963014,-13529.67998137,-13726.415783,-4838.8915547,-3426.52928117,-5759.77458852,-7109.2775293,-7489.138875479999,-9379.87035159,-10479.45494824,-11251.18244169,-13571.614236559999,-11516.70695448,-11295.32127223,-10634.58189863,-17635.575447490002,-4145.55862615,-3991.46507677,-3051.99127877,-2945.39818652,-3142.8368590500004,-3336.07573678,-3475.12967652,-3851.6198245100004,-3880.08602673,-3468.8042914400003,-3772.9230513,,"01/05/2023, 16:39:07"
,Зміни обсягів  готівкових коштів,602000,-1201.1091463800108,-16836.9298281,-8709.600697730002,-12075.928726050004,-20325.583306760003,-21260.154160430007,-21823.690116320002,-23357.17512353,-17406.05409905,-16017.194519809998,-16812.289240920003,-4018.1311106500016,-4098.8858310799915,-8372.329724370002,-10476.868797239995,-8813.801417000002,-14755.771301669993,-9834.539906369999,-18168.78489139,-19663.080355659993,-15166.080888379996,-7615.10164333999,-14210.983192639997,4800.833746099997,-8435.79560444,-13889.870417390004,-17144.248023019998,-19161.027637510004,-19022.10663071,-12131.168122990002,-12174.112609599995,-8397.237802149999,-10021.768166819997,-6169.097647140005,-4841.928562969996,-8627.149507380009,-931.9274800500036,1109.0113596499973,-490.6328553400033,-909.2479191999922,-40936.32542724,-22667.876901569998,-18768.14830492,-14375.599699080005,-27445.470457920008,-21649.608119840002,-13038.08077913,-5373.736597930001,-2976.083685080004,340.9923593300082,-53654.120998679995,-46167.79534526999,-53403.95663822999,-46730.640135849986,-55908.157229820004,-72927.36069055,-83120.74235033002,-74130.00827382001,-63458.11323498999,-9455.201585500006,-9173.18150213999,-18144.305707120016,-7203.403511710025,-15649.37467945001,-20404.76341614002,-11108.731167970012,6622.317277099997,-7546.84220247001,-9209.321659189987,-6653.537540420008,-13358.43505397002,9465.680908410013,-21245.193612789997,-11090.991271239991,4573.943632390012,-38746.350411379986,-44712.665386759996,-43340.95183721,-31118.218042000004,-47275.17949247999,-61852.61321055,-56072.91823328,-64698.249193889984,-11275.081655449976,-4858.539816899993,10091.603908330006,23915.912262950005,27456.59910462002,18636.58812870002,21228.291813360007,28088.305684959996,-12425.194763121006,7957.829027849984,11978.825351360467,-21973.05636014,12216.056374529988,3681.8762494099956,12621.532075570005,-7814.734225970009,-51418.740244090004,-41894.03548775001,-56174.073022330005,-92957.51652029,-100139.41858231,-75240.61698998998,-60531.09510738041,-55067.95740195007,-5882.549427479971,-10379.090970259995,-5811.714479860008,-14800.337542489975,-22650.5152349,-11778.670663960007,-99333.07847852,-79012.05958438001,-80664.50924359,-5390.913996580013,9465.30495884,1790.77041427,-24478.727979709998,-16932.99207177,-14200.343478620001,-9377.91760104,-14553.55047066,-10910.93375578,-19995.09658596,-18086.322951150003,-49113.614911510005,-33937.27494596,-42816.51458819,-64334.53046182,6005.158659029999,-28287.86821668,-42855.8612801,-48489.079412830004,-55394.68221639,-69740.83931601,-71962.79058855001,-67544.22219614,-82513.82948091,-107864.15741105001,-133810.21165883,-130094.37929173,,"01/05/2023, 16:39:07"
,Фінансування за рахунок коштів єдиного казначейського рахунку,603000,22.310709519999996,335.69006334999995,929.4804434500003,1270.36247954,1373.97223832,3455.6538641800007,2936.4239241200007,1512.9871066100004,1424.1531634500004,1513.0292439600005,1301.4451207000004,622.7933011100005,288.70767491,1028.3166144000002,1952.8089192500001,2518.1435007600003,3264.21831953,5249.99107145,5419.703666849999,3698.513080570001,3539.3514736100005,2833.6373091600003,1461.862170030001,1441.4003537200006,569.2673583900001,942.4544350199999,2192.8064364,3568.29504449,4261.33439407,7137.334848689998,6199.832259219998,4812.433238139998,5179.414808969998,5438.580294209999,4471.144128259999,4942.054503899998,578.40121055,1154.73065698,1301.2177832099999,1749.27459797,2057.2275006600003,4413.659324769999,2805.27479253,1968.5283059999997,1781.7294010900002,1587.50554161,660.1180142499999,-691.3743234800003,51.6384684,19.94170519,64.83145923000001,77.64498802000003,85.87922694000001,105.46716906000003,166.95589506,281.10684074,19.422775609999974,6.80274930999998,-10.62661430000002,-11.369573660000018,0.27472269999999993,-0.70635647,0.019586749999999986,2.0698141100000003,4.00134261,3.1801064300000004,3.2601240000000002,-0.9168562900000001,-2.1602818200000007,-3.8843515700000006,-4.48822402,0,-0.37681623999999997,3.5805402699999997,32.51718916,38.07513562,54.11800102000001,76.39710468000001,59.861169520000004,55.08721099,65.69400981,25.988188019999996,3.6082219299999956,-3.5663021900000045,12.98885733,39.35766128,103.05729734,135.12202379,154.31545137999998,194.97507449,137.25902527,84.78314393,52.85865571999999,36.75791342999999,50.00595268999999,-0.7080704500000081,36.25967406,84.11013731,160.63313712000001,200.0236738,213.64236972999998,230.53062855000002,182.15167407,103.83324286000001,65.61025239000001,60.04974561,3.5815450699999998,-0.9031823599999811,39.40267456,89.58337575,200.06642449000003,280.28922077,314.18857753,322.05985711,233.24025741999998,123.24421397,106.50512676999999,46.35900915,-0.30682647999999996,-0.42268821,13.97118683,50.20001484,10385.90634681,131.95471264,182.01134537000002,12289.87771069,10137.363578530001,79.67543205,28342.69411502,35887.6189924,2116.37839412,12506.90866494,9717.15292043,56545.76965226,14211.74399887,39783.87197261,77726.84478242,74335.36600352,58871.347649120005,4505.96015387,52809.8165731,53624.36439446,104650.22115851,,"01/05/2023, 16:39:07"
,,,,,,,,,,,,,,,,,,,,,,,,,,,,,,,,,,,,,,,,,,,,,,,,,,,,,,,,,,,,,,,,,,,,,,,,,,,,,,,,,,,,,,,,,,,,,,,,,,,,,,,,,,,,,,,,,,,,,,,,,,,,,,,,,,,,,,,,,,,,,,,,,,,"01/05/2023, 16:39:07"
Кредитування Зведеного бюджету* (кумулятивно з початку року) (млн. гривень),,код бюджетної класифікації,2011-01-01 00:00:00,2011-02-01 00:00:00,2011-03-01 00:00:00,2011-04-01 00:00:00,2011-05-01 00:00:00,2011-06-01 00:00:00,2011-07-01 00:00:00,2011-08-01 00:00:00,2011-09-01 00:00:00,2011-10-01 00:00:00,2011-11-01 00:00:00,2011-12-01 00:00:00,2012-01-01 00:00:00,2012-02-01 00:00:00,2012-03-01 00:00:00,2012-04-01 00:00:00,2012-05-01 00:00:00,2012-06-01 00:00:00,2012-07-01 00:00:00,2012-08-01 00:00:00,2012-09-01 00:00:00,2012-10-01 00:00:00,2012-11-01 00:00:00,2012-12-01 00:00:00,2013-01-01 00:00:00,2013-02-01 00:00:00,2013-03-01 00:00:00,2013-04-01 00:00:00,2013-05-01 00:00:00,2013-06-01 00:00:00,2013-07-01 00:00:00,2013-08-01 00:00:00,2013-09-01 00:00:00,2013-10-01 00:00:00,2013-11-01 00:00:00,2013-12-01 00:00:00,2014-01-01 00:00:00,2014-02-01 00:00:00,2014-03-01 00:00:00,2014-04-01 00:00:00,2014-05-01 00:00:00,2014-06-01 00:00:00,2014-07-01 00:00:00,2014-08-01 00:00:00,2014-09-01 00:00:00,2014-10-01 00:00:00,2014-11-01 00:00:00,2014-12-01 00:00:00,2015-01-01 00:00:00,2015-02-01 00:00:00,2015-03-01 00:00:00,2015-04-01 00:00:00,2015-05-01 00:00:00,2015-06-01 00:00:00,2015-07-01 00:00:00,2015-08-01 00:00:00,2015-09-01 00:00:00,2015-10-01 00:00:00,2015-11-01 00:00:00,2015-12-01 00:00:00,2016-01-01 00:00:00,2016-02-01 00:00:00,2016-03-01 00:00:00,2016-04-01 00:00:00,2016-05-01 00:00:00,2016-06-01 00:00:00,2016-07-01 00:00:00,2016-08-01 00:00:00,2016-09-01 00:00:00,2016-10-01 00:00:00,2016-11-01 00:00:00,2016-12-01 00:00:00,2017-01-01 00:00:00,2017-02-01 00:00:00,2017-03-01 00:00:00,2017-04-01 00:00:00,2017-05-01 00:00:00,2017-06-01 00:00:00,2017-07-01 00:00:00,2017-08-01 00:00:00,2017-09-01 00:00:00,2017-10-01 00:00:00,2017-11-01 00:00:00,2017-12-01 00:00:00,2018-01-01 00:00:00,2018-02-01 00:00:00,2018-03-01 00:00:00,2018-04-01 00:00:00,2018-05-01 00:00:00,2018-06-01 00:00:00,2018-07-01 00:00:00,2018-08-01 00:00:00,2018-09-01 00:00:00,2018-10-01 00:00:00,2018-11-01 00:00:00,2018-12-01 00:00:00,2019-01-01 00:00:00,2019-02-01 00:00:00,2019-03-01 00:00:00,2019-04-01 00:00:00,2019-05-01 00:00:00,2019-06-01 00:00:00,2019-07-01 00:00:00,2019-08-01 00:00:00,2019-09-01 00:00:00,2019-10-01 00:00:00,2019-11-01 00:00:00,2019-12-01 00:00:00,2020-01-01 00:00:00,2020-02-01 00:00:00,2020-03-01 00:00:00,2020-04-01 00:00:00,2020-05-01 00:00:00,2020-06-01 00:00:00,2020-07-01 00:00:00,2020-08-01 00:00:00,2020-09-01 00:00:00,2020-10-01 00:00:00,2020-11-01 00:00:00,2020-12-01 00:00:00,2021-01-01 00:00:00,2021-02-01 00:00:00,2021-03-01 00:00:00,2021-04-01 00:00:00,2021-05-01 00:00:00,2021-06-01 00:00:00,2021-07-01 00:00:00,2021-08-01 00:00:00,2021-09-01 00:00:00,2021-10-01 00:00:00,2021-11-01 00:00:00,2021-12-01 00:00:00,2022-01-01 00:00:00,2022-02-01 00:00:00,2022-03-01 00:00:00,2022-04-01 00:00:00,2022-05-01 00:00:00,2022-06-01 00:00:00,2022-07-01 00:00:00,2022-08-01 00:00:00,2022-09-01 00:00:00,2022-10-01 00:00:00,2022-11-01 00:00:00,2022-12-01,"01/05/2023, 16:39:07"
ЗА КЛАСИФІКАЦІЄЮ КРЕДИТУВАННЯ БЮДЖЕТУ,Усього кредитування,4000,206.5214139,84.42282184999998,642.9276515299998,413.01505557000013,1016.0128340800002,1963.4193733600002,2077.61557515,2614.3107057399993,2870.12127525,3134.275361939999,3910.67738892,4757.881454179999,115.02475078999998,257.72151763,314.55232168,941.22973054,1508.5621700099996,1620.5940936900001,3004.37701491,3212.96376471,3476.6891542,4101.30988296,4444.85299021,3856.3012813,17.90622169999997,180.23462778000015,475.54047506000006,587.3275680000003,37.68345009000018,-14.628734579999808,293.0843564600002,475.6071207600002,684.0668988000004,1245.4017188600005,1178.9760393999998,535.1779370000007,7.546004009999982,-107.31766560000004,68.83276644999994,190.26824664999998,728.26025484,1062.8464895,1276.5565005100002,1568.2370930199995,2240.66265228,2652.5488189300004,3056.5431232300007,4972.08472222,-27.29372227,-384.35555395,266.72857498,1155.9991971,694.6660716899996,1157.5506958999997,873.0035343499998,655.1488794200003,2238.3757687699995,2534.99125918,3250.2363691,3057.8402000800006,22.72763216,62.60004729999994,-429.18447218999995,489.9668151200008,105.20259212000002,355.2488494200006,1299.0692549599994,1027.0547974199997,267.6326371000001,606.0349936400005,219.0380875500013,1841.3406744899987,794.3405457499999,98.24180111999988,-46.22930547999965,166.15949152000022,-636.15068813,-22.1132895799999,375.4841026500002,223.26618588000065,-119.78508531000017,30.041945080000545,-747.2643894800013,2122.14928198,427.70097659000004,-149.96405406000002,-104.51161446000008,97.25894249000022,-878.8282768100001,-20.80752130999963,726.4380003399996,755.5691651100002,1032.6347679299988,869.6418485099998,425.5384663299998,1893.03569238,667.4106118599998,10.804609479999954,-565.0698669500001,-441.4974892499999,-1255.4489013099999,-678.81359839,692.3985520099999,730.0881950899995,1906.9354850899995,1881.9871048099985,1419.6896538799992,4762.723283799998,-108.35761169,-408.96472014999995,-694.3012910599998,-931.4191810600004,-1281.8294165700001,1381.5943918900002,3275.00528423,2987.7920282399996,3731.2607062800007,3931.20801624,4229.88153919,5736.75681307,338.00869101999996,-223.14086402,851.15742071,1297.98796148,461.45814923,1527.75451811,2062.10921146,2301.30858108,3530.90564443,3266.70145006,3320.8914896300003,4773.204044939999,2755.10817751,1613.74989911,2440.40249912,1694.1386309000002,254.47333897,333.67855533999995,413.70443902,206.67422425,732.79994795,-1721.28641152,-3090.89917752,,"01/05/2023, 16:39:07"
,Надання внутрішніх кредитів,4110,270.48358912,278.26973312999996,1148.6431448599997,1245.4102632999998,2157.0351177899997,3301.56441275,3698.66223293,4436.62746378,4777.4585088700005,5218.82673557,6140.16938842,7109.19699667,169.46074437,470.34354817999997,592.97903032,1355.17909551,2040.4290271899997,2229.22702981,3670.4836922900004,4043.06037957,4357.74581217,5318.71243543,5850.62071389,6188.34687989,307.27707806999996,1088.6582745800001,1645.9332261200002,1885.0125654000003,2115.99429343,2308.52740046,2665.37764864,3015.84911225,3335.00060291,4229.73761008,5128.61280827,6115.41974841,67.19287759,106.96396338999998,366.2280423899999,652.5524286099999,1443.88101943,1832.5122779099997,2196.60911301,2743.981364329999,3568.33741218,4167.27962821,4866.08063882,6825.360570809999,38.3903633,115.36892351,996.14237104,2122.60051072,2351.30434965,2847.6701459600004,3411.09028642,3679.8811012900005,5312.923593330001,5804.856131270001,7305.972390170002,7415.717226820002,85.95833134,820.43129806,867.79839913,2016.1446253000004,2436.7396192799997,2793.12445919,3809.5970926599994,4240.02576138,4500.591450600001,5125.0959452100005,5707.931419810001,7387.89934339,861.0735497,909.0128665099999,1477.9703754900002,2014.9149820300001,2188.68983149,2852.6266578100003,3319.9295529,3879.7851406700006,4227.8078758,4723.093682720001,5290.429635120001,8229.15161507,492.02934418,655.37354312,1392.46078905,1957.72436865,2226.7405248600003,3155.8111726800007,3977.35918726,4773.84850461,5800.84126953,6350.234371,7234.19664204,8871.46042722,731.2417557599998,823.2710917999999,1006.5892114999999,1879.9938318600002,2367.9638139000003,3090.39464058,4535.69677651,5280.88059222,7170.64561162,7908.430764579998,8713.109171959999,12241.726516609999,15.34451953,402.56768861,704.3267097,1339.8314526999998,2240.93764835,5106.27139921,7168.2309717,7684.89591199,9023.98287719,10264.205078340001,12328.67821578,15529.24981815,584.10769009,964.3975085599999,2477.22846857,4075.38988868,4916.305189520001,6204.62571956,7045.462105680001,8116.39691091,9733.28539247,10453.45693805,12178.21471655,14204.68217731,3026.7391712199997,3060.0407320900003,4292.72969697,4614.107319850001,4892.47104934,5314.97205709,5591.64047868,6462.83235632,7380.50826645,7709.32759153,9192.68851295,,"01/05/2023, 16:39:07"
,Повернення внутрішніх кредитів,4120,-63.96217522,-193.84691128,-505.7154933300001,-832.3952077299998,-1141.02228371,-1338.14503939,-1621.04665778,-1822.31675804,-1907.3372336199998,-2084.55137363,-2229.4919994999996,-2351.3155424899996,-54.43599358,-212.62203054999998,-278.42670864,-413.9493649699999,-531.86685718,-608.63293612,-666.1066773800001,-830.09661486,-881.0566579700001,-1217.40255247,-1405.76772368,-2332.0455985900003,-289.37085637,-908.4236467999999,-1170.3927510600001,-1297.6849974000002,-2078.3108433400002,-2323.15613504,-2372.29329218,-2540.24199149,-2650.93370411,-2984.33589122,-3949.63676887,-5580.241811409999,-59.646873580000005,-214.28162899,-297.39527594000003,-462.28418195999996,-715.6207645900001,-769.6657884100001,-920.0526125000001,-1175.7442713100002,-1327.6747599000003,-1514.7308092800001,-1809.53751559,-1853.2758485900001,-65.68408557,-499.72447746,-729.4137960599999,-966.6013136199999,-1656.63827796,-1690.1194500600002,-2538.08675207,-3024.7322218699996,-3074.54782456,-3269.86487209,-4055.73602107,-4357.87702674,-63.23069918,-757.8312507600001,-1296.98287132,-1526.1778101799996,-2331.53702716,-2437.8756097699998,-2510.5278377000004,-3212.9709639600005,-4232.9588135,-4519.06095157,-5488.89333226,-5546.558668900001,-66.73300395,-810.77106539,-1524.1996809699997,-1848.7554905099998,-2824.8405196199997,-2874.7399473899995,-2944.4454502499993,-3656.5189547899995,-4347.592961109999,-4693.051737639999,-6037.6940246,-6107.00233309,-64.32836759,-805.3375971800001,-1496.97240351,-1860.4654261599999,-3105.5688016700005,-3176.6186939900003,-3250.9211869200003,-4018.2793395,-4768.2065016000015,-5480.59252249,-6808.658175710001,-6978.42473484,-63.8311439,-812.46648232,-1571.65907845,-2321.49132111,-3623.41271521,-3769.20823897,-3843.2982245,-4550.792397130001,-5263.71012653,-6026.44365977,-7293.41951808,-7479.003232809999,-123.70213122,-811.53240876,-1398.6280007599998,-2271.2506337600003,-3522.76706492,-3724.67700732,-3893.2256874699997,-4697.10388375,-5292.7221709099995,-6332.9970621,-8098.79667659,-9792.49300508,-246.09899907,-1187.53837258,-1626.07104786,-2777.4019271999996,-4454.84704029,-4676.87120145,-4983.35289422,-5815.08832983,-6202.37974804,-7186.75548799,-8857.32322692,-9431.47813237,-271.63099371,-1446.29083298,-1852.32719785,-2919.96868895,-4637.99771037,-4981.29350175,-5177.93603966,-6256.15813207,-6647.7083185,-9430.61400305,-12283.58769047,,"01/05/2023, 16:39:07"
"* Дані за 3 місяці, 6 місяців та 9 місяців наведено згідно із квартальними звітами Казначейства про виконання бюджету; 
за 12 місяців - згідно з річними звітами.",,,,,,,,,,,,,,,,,,,,,,,,,,,,,,,,,,,,,,,,,,,,,,,,,,,,,,,,,,,,,,,,,,,,,,,,,,,,,,,,,,,,,,,,,,,,,,,,,,,,,,,,,,,,,,,,,,,,,,,,,,,,,,,,,,,,,,,,,,,,,,,,,,,"01/05/2023, 16:39:07"
,,,,,,,,,,,,,,,,,,,,,,,,,,,,,,,,,,,,,,,,,,,,,,,,,,,,,,,,,,,,,,,,,,,,,,,,,,,,,,,,,,,,,,,,,,,,,,,,,,,,,,,,,,,,,,,,,,,,,,,,,,,,,,,,,,,,,,,,,,,,,,,,,,,"01/05/2023, 16:39:07"
,,,,,,,,,,,,,,,,,,,,,,,,,,,,,,,,,,,,,,,,,,,,,,,,,,,,,,,,,,,,,,,,,,,,,,,,,,,,,,,,,,,,,,,,,,,,,,,,,,,,,,,,,,,,,,,,,,,,,,,,,,,,,,,,,,,,,,,,,,,,,,,,,,,"01/05/2023, 16:39:07"
** Дані наведені згідно з вимогами зі складання звітності про виконання бюджету (наказ Казначейства від 30.01.2018 № 41),,,,,,,,,,,,,,,,,,,,,,,,,,,,,,,,,,,,,,,,,,,,,,,,,,,,,,,,,,,,,,,,,,,,,,,,,,,,,,,,,,,,,,,,,,,,,,,,,,,,,,,,,,,,,,,,,,,,,,,,,,,,,,,,,,,,,,,,,,,,,,,,,,,"01/05/2023, 16:39:07"
